JD,mag_L,err_L,epoch,mag_R,err_R,mag_G,err_G,mag_B,err_B
2459659.3966754167,9.454041052303468,0.0052931804494135,1,,,,,,
2459659.398286609,9.458796308180338,0.0051630515848408,1,,,,,,
2459659.399949595,9.468113931131024,0.0338950798394899,1,,,,,,
2459659.401585347,9.464160027643324,0.0391333848232224,1,,,,,,
2459659.4032833567,9.468323761635268,0.0210492629797866,1,,,,,,
2459659.404837604,9.480653462092436,0.024940380136112,1,,,,,,
2459659.406409861,9.51144952837688,0.0184341056053092,1,,,,,,
2459659.407994595,9.510228858657056,0.0288004515105499,1,,,,,,
2459659.4127003355,9.54968244961035,0.039306730024892,1,,,,,,
2459659.4143273844,9.574874631851468,0.0392778348958619,1,,,,,,
2459659.4159478243,9.578135813331278,0.0402130752061269,1,,,,,,
2459659.417551713,9.603599102498858,0.0430859529862893,1,,,,,,
2459659.4305024655,9.82419115865522,0.0354222274567576,1,,,,,,
2459659.432115706,9.872449621236514,0.0317343502381617,1,,,,,,
2459659.4336955557,9.904636679204907,0.0332781999016245,1,,,,,,
2459659.4352572686,9.923859700013937,0.0117637119147952,1,,,,,,
2459659.436907014,9.984290778495703,0.0124106270106649,1,,,,,,
2459659.4385162382,10.000031060219918,0.0098742386997788,1,,,,,,
2459659.440100637,10.056643154140245,0.0098967133519436,1,,,,,,
2459659.4417063887,10.07698879746092,0.0139277880004375,1,,,,,,
2459659.443346852,10.098517022605275,0.005709291068632,1,,,,,,
2459659.44493463,10.135482212479168,0.0061692915614017,1,,,,,,
2459659.4465179513,10.167158073636458,0.0057302434805773,1,,,,,,
2459659.4481237847,10.199370501538196,0.0072989009712071,1,,,,,,
2459659.4497609837,10.204147442772634,0.0044436173753657,1,,,,,,
2459659.4513362385,10.214255016868062,0.0039835861553192,1,,,,,,
2459659.452913611,10.22010498373928,0.0050326297424225,1,,,,,,
2459659.4544821642,10.23456392625367,0.0042307095450977,1,,,,,,
2459659.456138021,10.23419453901184,0.005113282869961,1,,,,,,
2459659.4577353243,10.25498407084813,0.0039534633047269,1,,,,,,
2459659.4593101735,10.251327765550393,0.0064338683287592,1,,,,,,
2459659.4651750117,10.243645659771571,0.0077849576670616,1,,,,,,
2459659.466819155,10.238211873640298,0.004442596744685,1,,,,,,
2459659.4684440973,10.225081284367956,0.0047557518309179,1,,,,,,
2459659.470038148,10.2377357845477,0.0046640666262506,1,,,,,,
2459659.4717371413,10.209142083730132,0.0060209277402968,1,,,,,,
2459659.4733997453,10.212305702525768,0.0054335566284311,1,,,,,,
2459659.4750453588,10.212222108179745,0.004862340542044,1,,,,,,
2459659.4766968517,10.205124163586056,0.0052862663991997,1,,,,,,
2459659.4783522105,10.191952859641676,0.0043841976468121,1,,,,,,
2459659.479994572,10.183179037206084,0.0075761840976319,1,,,,,,
2459659.4816460763,10.187679569706663,0.0049461166847422,1,,,,,,
2459659.483309421,10.17852915869076,0.0063026077224867,1,,,,,,
2459659.487496574,10.15908110435204,0.006735814215723,1,,,,,,
2459659.4890935877,10.135816152657409,0.0064589191642568,1,,,,,,
2459659.4906554744,10.13653145500832,0.0039904504883357,1,,,,,,
2459659.4922601623,10.130075308126806,0.0053827300495665,1,,,,,,
2459659.493812095,10.136555419071556,0.0055364180916175,1,,,,,,
2459659.4953866666,10.117858067872811,0.0040022469861482,1,,,,,,
2459659.496972824,10.103679488001418,0.0047520358478787,1,,,,,,
2459659.4985482986,10.10699967923637,0.0049564263838068,1,,,,,,
2459659.5001100115,10.102253917345545,0.0053128861214112,1,,,,,,
2459659.5017049536,10.086421527175522,0.0078586247404555,1,,,,,,
2459659.5032937964,10.080904852878296,0.0046672691015998,1,,,,,,
2459659.504838808,10.071164481737778,0.0069250443824089,1,,,,,,
2459661.376873102,10.053212956340694,0.0194783239944203,2,,,,,,
2459661.3791685533,10.036989883986037,0.0181188994607171,2,,,,,,
2459661.3811771297,10.01434089512892,0.0209198071666358,2,,,,,,
2459661.3832126968,10.03116673672056,0.0109946088120814,2,,,,,,
2459661.3852395485,10.012699090889951,0.0213553711851805,2,,,,,,
2459661.3872787734,10.012636730217936,0.0241708375806041,2,,,,,,
2459661.38921434,10.00012574445848,0.0122760161658998,2,,,,,,
2459661.3912358335,9.991912276009687,0.0193885060945471,2,,,,,,
2459661.393226655,9.98443994419762,0.021312713599183,2,,,,,,
2459661.3952266783,9.98655258467642,0.0284838810770062,2,,,,,,
2459661.3971546413,9.964855825874452,0.0185668399622261,2,,,,,,
2459661.399161551,9.954446597569062,0.009167119582734,2,,,,,,
2459661.4012009376,9.95346619445414,0.0293697717717231,2,,,,,,
2459661.4031529743,9.939762874757792,0.0054321565780659,2,,,,,,
2459661.40517088,9.93012636576925,0.01107870601038,2,,,,,,
2459661.4071614468,9.917717664082224,0.0138265182585242,2,,,,,,
2459661.409204051,9.915880799324473,0.0121413955030837,2,,,,,,
2459661.411190185,9.905130102383776,0.0339110161422843,2,,,,,,
2459661.413164039,9.903160836207238,0.0338404345995919,2,,,,,,
2459661.415186956,9.901064041475468,0.0140823390925117,2,,,,,,
2459661.4172427314,9.89760367688014,0.0177460861378627,2,,,,,,
2459661.41921066,9.86645393123576,0.0203452912090789,2,,,,,,
2459661.4212582754,9.87014210239623,0.0332158809293577,2,,,,,,
2459661.4232250694,9.86202583055173,0.018251186368436,2,,,,,,
2459661.425202755,9.84865880205881,0.0251037857067811,2,,,,,,
2459661.427221227,9.840555789475596,0.0434432921697596,2,,,,,,
2459661.429206852,9.850076023928732,0.0425878229248795,2,,,,,,
2459661.4312061113,9.839241640540624,0.0336052245425956,2,,,,,,
2459661.4331056597,9.824896875858803,0.0350940580641523,2,,,,,,
2459661.4351467593,9.819050499572478,0.0077461476089372,2,,,,,,
2459661.4371070834,9.814981861206078,0.0262727747163286,2,,,,,,
2459661.439147072,9.79773348285684,0.0424597810314112,2,,,,,,
2459661.4411752545,9.792457027695155,0.0371089072681411,2,,,,,,
2459661.4431819096,9.790844660279513,0.020538138586592,2,,,,,,
2459661.445367037,9.775387148552618,0.0120267819998922,2,,,,,,
2459661.4473993517,9.78173745809287,0.0134921093629466,2,,,,,,
2459661.45203191,9.757615182168225,0.023008853095248,2,,,,,,
2459661.454335868,9.748648713155909,0.0336203746016601,2,,,,,,
2459661.456514479,9.734669450956542,0.0391911176140917,2,,,,,,
2459661.458700116,9.740709877411346,0.0240592126093842,2,,,,,,
2459661.4608410764,9.727852908101536,0.0368026729332281,2,,,,,,
2459661.462967905,9.714820405443092,0.0217073416758768,2,,,,,,
2459661.465074977,9.702361632079516,0.0348355462621363,2,,,,,,
2459661.4672165164,9.708975228043927,0.0319596379035163,2,,,,,,
2459661.4693540162,9.690538029612764,0.0106396330560658,2,,,,,,
2459661.471488669,9.686824288376725,0.0176908481228878,2,,,,,,
2459661.473601817,9.679694497364926,0.0408040241173357,2,,,,,,
2459661.4758164003,9.677762434799869,0.0285954984183981,2,,,,,,
2459661.4779992825,9.66464329215862,0.0435524517676976,2,,,,,,
2459661.4800966205,9.659520676888464,0.0144755448133549,2,,,,,,
2459661.4822557988,9.655734005056916,0.0355123134114564,2,,,,,,
2459661.4843409257,9.639375256060186,0.0057255962956186,2,,,,,,
2459661.486445926,9.63978823848043,0.0055893031234035,2,,,,,,
2459661.4885526043,9.643625960158598,0.0053846176973326,2,,,,,,
2459661.49062147,9.625423436200172,0.0055007799909492,2,,,,,,
2459661.4926557406,9.61109823960403,0.0046285892629618,2,,,,,,
2459661.494714549,9.61740184489605,0.0057118023456496,2,,,,,,
2459661.4967311225,9.608265004324242,0.0048541691167657,2,,,,,,
2459661.498912014,9.592161239234084,0.0062000483221013,2,,,,,,
2459661.501047338,9.596058316697231,0.0043913960727331,2,,,,,,
2459663.36522272,9.607351507420509,0.0389131654649647,3,,,,,,
2459663.3671641205,9.606393663493504,0.0423565783415933,3,,,,,,
2459663.368995868,9.574209570302113,0.0275980597730914,3,,,,,,
2459663.3708712845,9.581873760443562,0.0445920570722741,3,,,,,,
2459663.372840278,9.587860077120125,0.0423726049694228,3,,,,,,
2459663.374813484,9.567605564490826,0.0411503614620262,3,,,,,,
2459663.376794074,9.561251198602372,0.0477542693190928,3,,,,,,
2459663.3786205556,9.56042487931206,0.0287198681833926,3,,,,,,
2459663.380460336,9.55210708215395,0.0337973321272094,3,,,,,,
2459663.3824334373,9.559144942343256,0.0340648483029795,3,,,,,,
2459663.384315243,9.57259460812034,0.0476359586512088,3,,,,,,
2459663.3862719443,9.55135480490102,0.0479681727083566,3,,,,,,
2459663.3882192015,9.545067901530455,0.042966061529193,3,,,,,,
2459663.3901286805,9.522525348487797,0.0593654110969689,3,,,,,,
2459663.392006424,9.52101474340487,0.0586248447567932,3,,,,,,
2459663.3937442363,9.552962411968194,0.0634940617555221,3,,,,,,
2459663.3955127313,9.523260068056915,0.0465317807756145,3,,,,,,
2459663.3973193984,9.519217183583503,0.0515298823914669,3,,,,,,
2459663.3991737035,9.513117880350933,0.0541356677413892,3,,,,,,
2459663.40095544,9.50713132032788,0.0497210709682421,3,,,,,,
2459663.4027430904,9.50168026912039,0.0602622058596769,3,,,,,,
2459663.4045948726,9.49594180051617,0.0506865012698052,3,,,,,,
2459663.4064249536,9.496176153024145,0.0640137877392297,3,,,,,,
2459663.4081745255,9.496847418970882,0.0065882608959446,3,,,,,,
2459663.4112827084,9.479572899382822,0.0474822822029444,3,,,,,,
2459663.4130694675,9.493606220031616,0.0662098228633811,3,,,,,,
2459663.4148725118,9.48089283124673,0.0511654170304498,3,,,,,,
2459663.4166930555,9.481552294070246,0.0633080289393109,3,,,,,,
2459663.4184486573,9.483952163921018,0.0599002942151125,3,,,,,,
2459663.4203721643,9.478633151991646,0.0602702966872029,3,,,,,,
2459663.422259329,9.46167424132632,0.0726437378123627,3,,,,,,
2459663.424019201,9.470989685292931,0.0677648800868904,3,,,,,,
2459663.4258308103,9.47322445215119,0.0768466248829155,3,,,,,,
2459663.4276546296,9.466660371723483,0.0695107628899413,3,,,,,,
2459663.4295628355,9.456950845611631,0.0514748296945372,3,,,,,,
2459663.431390139,9.457964801532531,0.0581396291912242,3,,,,,,
2459663.43323059,9.452907156662135,0.0601527871245143,3,,,,,,
2459663.435072882,9.46488364467979,0.0642009706325966,3,,,,,,
2459663.436859456,9.463397374373086,0.0766111103648719,3,,,,,,
2459663.4386524535,9.46120799539911,0.0683757261766806,3,,,,,,
2459663.4404493636,9.447589541169204,0.0698517912098401,3,,,,,,
2459663.4422241203,9.457598365186549,0.0799974360384417,3,,,,,,
2459663.4440489816,9.447135789730051,0.0592736735304762,3,,,,,,
2459663.445850359,9.442500914082908,0.0471673990934965,3,,,,,,
2459663.4475417477,9.443491924361997,0.0627631823472938,3,,,,,,
2459663.449186632,9.44491339298906,0.0662772947159941,3,,,,,,
2459663.450807384,9.429891388481582,0.0756545171083351,3,,,,,,
2459663.452467338,9.427396495728614,0.0608045532242366,3,,,,,,
2459663.4558828473,9.429549713590252,0.0581012178820784,3,,,,,,
2459663.457518657,9.4280289307479,0.059662312012213,3,,,,,,
2459663.4592556367,9.428121270304654,0.0063678698892369,3,,,,,,
2459663.461069919,9.43739214169429,0.0396497770554622,3,,,,,,
2459663.4628446065,9.43403826514484,0.0557103919723145,3,,,,,,
2459663.4647111227,9.427233572239333,0.0052708939903297,3,,,,,,
2459663.466608472,9.418216354556,0.0724672898521465,3,,,,,,
2459663.4684507987,9.420313046750078,0.0856215589908696,3,,,,,,
2459663.47028522,9.425402168171514,0.0689677392938668,3,,,,,,
2459663.4721368058,9.41434515243002,0.0053519120732712,3,,,,,,
2459663.473891088,9.40895441730706,0.0731532594954287,3,,,,,,
2459663.4756967826,9.413130394345202,0.0048973216533584,3,,,,,,
2459663.4775732756,9.408298015022885,0.0658940284860052,3,,,,,,
2459663.4794527083,9.395322472656208,0.058859219595922,3,,,,,,
2459663.481230243,9.402031534964426,0.0501565040616475,3,,,,,,
2459663.482964433,9.401593198001416,0.0530889970466604,3,,,,,,
2459663.48479206,9.398359561046687,0.0056525138733623,3,,,,,,
2459663.4866262847,9.406178357927285,0.0583761725059716,3,,,,,,
2459663.4884452545,9.399199686878116,0.0056844056911773,3,,,,,,
2459663.4902182757,9.401430881262794,0.0049136082779154,3,,,,,,
2459663.492039838,9.404315738820648,0.0045816161973725,3,,,,,,
2459663.4938513543,9.394694574038663,0.0059805887264291,3,,,,,,
2459663.495720787,9.412127663560064,0.0064954922083713,3,,,,,,
2459663.4974957984,9.38424192698412,0.0080945094939294,3,,,,,,
2459663.5017535416,9.398845533779586,0.0527460156515043,3,,,,,,
2459663.503521586,9.404877092443437,0.0655785078011364,3,,,,,,
2459663.505350625,9.411504008629306,0.0699892447418204,3,,,,,,
2459663.507159433,9.3925082615843,0.0567914755780453,3,,,,,,
2459663.508963669,9.402503785590126,0.0435187289605463,3,,,,,,
2459663.5108167706,9.405536686539383,0.0358109141796079,3,,,,,,
2459663.512589699,9.400414439465989,0.0423340334463828,3,,,,,,
2459663.5144003937,9.404990560442997,0.0682765150289374,3,,,,,,
2459999.3658549073,9.96092642375894,0.0123125093960202,4,,,,,,
2459999.3673683912,9.99445924402931,0.0125594941997478,4,,,,,,
2459999.369652002,9.938364210151786,0.0054603994536905,4,,,,,,
2459999.37243522,9.914877955089496,0.0074565979540825,4,,,,,,
2459999.3752226504,9.916808445998097,0.007650985748691,4,,,,,,
2459999.3780178586,9.89538148137478,0.0058379255274653,4,,,,,,
2459999.380813206,9.88519715673259,0.0051240626703851,4,,,,,,
2459999.3835937385,9.85453721357582,0.0063645697060749,4,,,,,,
2459999.386378449,9.85151657069562,0.0064089909897267,4,,,,,,
2459999.389157639,9.840615211334256,0.0071173583573273,4,,,,,,
2459999.391979248,9.817945743975038,0.0072451869081788,4,,,,,,
2459999.394803368,9.797164275372834,0.005883275054676,4,,,,,,
2459999.397625023,9.793336724128675,0.0072567587986596,4,,,,,,
2459999.4004389583,9.781591520893574,0.0050841022995679,4,,,,,,
2459999.4032157985,9.762680360777123,0.0078428219262646,4,,,,,,
2459999.4059933797,9.75123038598495,0.0090802337557791,4,,,,,,
2459999.4087825464,9.735516812572737,0.0070166907926083,4,,,,,,
2459999.411578773,9.721072061914873,0.0083240401277067,4,,,,,,
2460038.3769370485,9.412668128329743,0.0061578744142356,5,,,,,,
2460038.3860150697,9.41434643399796,0.0053944074941288,5,,,,,,
2460038.3951122453,9.413361597491305,0.0054499804509104,5,,,,,,
2460038.404274097,9.401167945914423,0.0080642813644932,5,,,,,,
2460038.4136059373,9.398549459644236,0.0054911971432718,5,,,,,,
2460038.424115729,9.38667941894374,0.0054648047301418,5,,,,,,
2460038.4385124072,9.390605667620871,0.0047625738460366,5,,,,,,
2460038.4472135184,9.38043985755428,0.0050432604653979,5,,,,,,
2460038.45600184,9.36920573400202,0.0055041724752565,5,,,,,,
2460038.464782882,9.364204156330455,0.0049228117814221,5,,,,,,
2460038.4749539006,9.367115979662184,0.004215876045617,5,,,,,,
2460038.4837305555,9.362036194849678,0.0041557879054513,5,,,,,,
2460038.4927584836,9.383692846289463,0.0036364669218224,5,,,,,,
2460038.501696863,9.417273906698515,0.0067009376992921,5,,,,,,
2460054.397091736,9.35646505012471,0.0055393478562459,6,,,,,,
2460054.4048198033,9.325848436819568,0.0048383037703397,6,,,,,,
2460054.4137878474,9.319049566091742,0.004521692021154,6,,,,,,
2460054.4235177776,9.320247894194113,0.00437126388593,6,,,,,,
2460054.432843727,9.32423617971631,0.005013161653188,6,,,,,,
2460054.4419786576,9.370655840228308,0.0050823694446449,6,,,,,,
2459659.396940972,,,1,7.969080769896593,0.0090713831297864,,,,
2459659.398549803,,,1,7.988853435699471,0.0092013588327436,,,,
2459659.4002098613,,,1,8.016132665123692,0.0172451643929894,,,,
2459659.401839005,,,1,7.998778010682725,0.0082966336522529,,,,
2459659.4035283104,,,1,8.0115880896544,0.0108993165139251,,,,
2459659.4050809373,,,1,8.024261549936234,0.0075389046100564,,,,
2459659.406671065,,,1,8.013023785712285,0.0080331517648983,,,,
2459659.4082354745,,,1,8.04182138032503,0.0143269668589585,,,,
2459659.4129659026,,,1,8.067801625604298,0.0479771504330333,,,,
2459659.4145752313,,,1,8.088314409813847,0.0493000747829572,,,,
2459659.4162085303,,,1,8.105086074166605,0.0118471309016603,,,,
2459659.4178421414,,,1,8.10376295310333,0.0070415546384296,,,,
2459659.4307665974,,,1,8.290961160530625,0.0262343933448878,,,,
2459659.432361273,,,1,8.306393951955766,0.0319214234788103,,,,
2459659.4339484144,,,1,8.345204809768404,0.0324471620642763,,,,
2459659.4355228473,,,1,8.378681400373464,0.0100350675983526,,,,
2459659.4371624305,,,1,8.40055068692215,0.0069619614237086,,,,
2459659.438769861,,,1,8.415724846450459,0.0339162491045527,,,,
2459659.441960625,,,1,8.479951246459173,0.009099789699246,,,,
2459659.4436022337,,,1,8.513968007422658,0.0127934392496216,,,,
2459659.4451879165,,,1,8.504439093553342,0.0075768428824022,,,,
2459659.446773345,,,1,8.56348699156667,0.0095945338205234,,,,
2459659.44837831,,,1,8.568010086925069,0.0063417757195964,,,,
2459659.450014213,,,1,8.578510768144415,0.0079373885939685,,,,
2459659.4515873725,,,1,8.584679168185458,0.0080537036423633,,,,
2459659.4531641435,,,1,8.591343436347847,0.0065436175529944,,,,
2459659.454755185,,,1,8.60826428845501,0.0070319019093121,,,,
2459659.4563894444,,,1,8.592924926912726,0.0100465766067942,,,,
2459659.457989676,,,1,8.605608291740692,0.0130572167724313,,,,
2459659.4595607757,,,1,8.608245101729985,0.0117855366974743,,,,
2459659.465435139,,,1,8.596247905611133,0.0112593438026548,,,,
2459659.467089664,,,1,8.60115653754794,0.0085334570684109,,,,
2459659.468701111,,,1,8.585297403419016,0.0057767227388654,,,,
2459659.4703225233,,,1,8.588108937813507,0.0071083985197481,,,,
2459659.472027477,,,1,8.599180953473933,0.0085196350791518,,,,
2459659.473665822,,,1,8.57851697490286,0.0069868557524864,,,,
2459659.475303287,,,1,8.585109818096653,0.0069065942255189,,,,
2459659.476965613,,,1,8.581536182748952,0.0055323926843897,,,,
2459659.478611042,,,1,8.58241950498086,0.0063134079689157,,,,
2459659.480276528,,,1,8.563397646594925,0.0058019796129098,,,,
2459659.4819274074,,,1,8.576470489312426,0.0114383668515258,,,,
2459659.4835653356,,,1,8.556057110104632,0.0066461985997431,,,,
2459659.487755243,,,1,8.53808743573117,0.0075859968123554,,,,
2459659.4893386457,,,1,8.531751495493143,0.0071424178706992,,,,
2459659.490900174,,,1,8.53106045894633,0.0110541704160916,,,,
2459659.4925022568,,,1,8.536937766837202,0.0205765077625938,,,,
2459659.494063947,,,1,8.534188312140447,0.018490153129358,,,,
2459659.4956298494,,,1,8.505123626312827,0.005477515673585,,,,
2459659.4972144905,,,1,8.48741174564358,0.0082381998850548,,,,
2459659.4987941086,,,1,8.494163746546445,0.0059151883316697,,,,
2459659.500374456,,,1,8.493756866126517,0.0120962012672799,,,,
2459659.5019718404,,,1,8.505458540708954,0.0108262417130981,,,,
2459659.5035359375,,,1,8.484435422381054,0.006886415628202,,,,
2459659.5051007406,,,1,8.45613308952013,0.0145514102446076,,,,
2459661.3771662964,,,2,8.475332523943052,0.0310618901255014,,,,
2459661.3795144907,,,2,8.475257650635287,0.0242051374639414,,,,
2459661.381512581,,,2,8.456341863565678,0.0182016180549355,,,,
2459661.3835629052,,,2,8.434359628188286,0.0220568547518473,,,,
2459661.385592396,,,2,8.464012289818335,0.007783237075859,,,,
2459661.3875710303,,,2,8.44913912272961,0.0201688749127485,,,,
2459661.3895621067,,,2,8.441581953910108,0.0301399744064484,,,,
2459661.3915674305,,,2,8.431200440393225,0.0232745227830215,,,,
2459661.393571331,,,2,8.414344899372923,0.0348998261432409,,,,
2459661.3955765627,,,2,8.427865262901404,0.0239278320826977,,,,
2459661.39751353,,,2,8.414734877054133,0.026604178215201,,,,
2459661.3994984836,,,2,8.423702557923447,0.034095218246343,,,,
2459661.401522708,,,2,8.398535550613746,0.0358259990878209,,,,
2459661.4035249767,,,2,8.39085090193769,0.0394518740407339,,,,
2459661.40549566,,,2,8.367361587186258,0.0131762243857083,,,,
2459661.4075542707,,,2,8.358316340944278,0.038259795848039,,,,
2459661.409587604,,,2,8.36940343059865,0.0193169309427258,,,,
2459661.4115181365,,,2,8.362506928256886,0.0400139449018335,,,,
2459661.4134824886,,,2,8.368269915663962,0.031359336259991,,,,
2459661.4155742363,,,2,8.365468275969283,0.0261291104873929,,,,
2459661.4176325463,,,2,8.343012323121195,0.0068031183106419,,,,
2459661.419598368,,,2,8.345889864629811,0.0367722049112061,,,,
2459661.421584155,,,2,8.340020543206673,0.0446102103381321,,,,
2459661.4235613775,,,2,8.337999150920062,0.0310098101456466,,,,
2459661.425572743,,,2,8.333382255730857,0.0395905484238691,,,,
2459661.427543831,,,2,8.329866282930642,0.0470741851258456,,,,
2459661.4295773264,,,2,8.316904909020405,0.0423629143324968,,,,
2459661.431533391,,,2,8.32647964252224,0.0381054987423983,,,,
2459661.433434757,,,2,8.288725664735095,0.0059435338112874,,,,
2459661.43547934,,,2,8.291193209522742,0.0419701981671724,,,,
2459661.4374725465,,,2,8.302327438499095,0.0115305888275674,,,,
2459661.439474618,,,2,8.290725202637848,0.0395390979416277,,,,
2459661.441490058,,,2,8.279368807008588,0.0499879250358632,,,,
2459661.4437692245,,,2,8.271012520273027,0.0184736306335818,,,,
2459661.445703229,,,2,8.262167586059187,0.0174783899436491,,,,
2459661.4477324304,,,2,8.26474473214606,0.008017700641473,,,,
2459661.452306435,,,2,8.258648287220426,0.0364356233452234,,,,
2459661.4547187267,,,2,8.248803149346895,0.038226210129322,,,,
2459661.4569547223,,,2,8.246046431232855,0.0269245897910308,,,,
2459661.4590890277,,,2,8.215865878990762,0.0221684440388057,,,,
2459661.461217743,,,2,8.239792166062962,0.0337384807011285,,,,
2459661.463340972,,,2,8.240334994959454,0.0282159960420638,,,,
2459661.465450116,,,2,8.208334277447292,0.0194061894540042,,,,
2459661.4675814006,,,2,8.20955052915776,0.0326788133475815,,,,
2459661.4697204283,,,2,8.203908123562066,0.0436233297800988,,,,
2459661.4718592013,,,2,8.210555003593162,0.0258586222477926,,,,
2459661.473982616,,,2,8.19076632201462,0.0561464445161499,,,,
2459661.476188704,,,2,8.17593208796018,0.0428714132803744,,,,
2459661.4783594445,,,2,8.192181830094405,0.0520184298574772,,,,
2459661.480451366,,,2,8.1776373209047,0.0348438594547226,,,,
2459661.48261794,,,2,8.174289078581488,0.014831230296719,,,,
2459661.484741574,,,2,8.166693817563324,0.0108708568033994,,,,
2459661.486813843,,,2,8.17278525963658,0.0129015748978533,,,,
2459661.4889053935,,,2,8.167303290488828,0.0074141439658815,,,,
2459661.491020382,,,2,8.15727553633185,0.0066522277831537,,,,
2459661.493018588,,,2,8.140637188157099,0.0082961569269278,,,,
2459661.4950709837,,,2,8.139219047991045,0.0066041524446717,,,,
2459661.4970985996,,,2,8.146467430990334,0.0074918858779955,,,,
2459661.499287882,,,2,8.13425869514448,0.0091690878242055,,,,
2459661.501372072,,,2,8.132663029557545,0.0096848921185985,,,,
2459663.3655005787,,,3,8.133162562780624,0.0383245636776566,,,,
2459663.367465833,,,3,8.143605150545875,0.0093867165846679,,,,
2459663.3693159954,,,3,8.105897661201338,0.041391007982815,,,,
2459663.3712078473,,,3,8.13518958036201,0.0295537599412678,,,,
2459663.373186875,,,3,8.147262088024243,0.0107002648955349,,,,
2459663.3751712614,,,3,8.129478575159208,0.0511980518722919,,,,
2459663.3771271296,,,3,8.140480676459047,0.0363673143502684,,,,
2459663.3789035995,,,3,8.114844762154998,0.0365768771157296,,,,
2459663.3808137267,,,3,8.131552321696937,0.0092154190033062,,,,
2459663.3827491784,,,3,8.113601490503974,0.0078539638112226,,,,
2459663.3846857524,,,3,8.112847226055967,0.0078647827969548,,,,
2459663.386645602,,,3,8.103081741572135,0.008896998465277,,,,
2459663.3885703473,,,3,8.092037114229898,0.0078489997105875,,,,
2459663.3904789235,,,3,8.103467946085063,0.0120701275759293,,,,
2459663.3923126156,,,3,8.084641789608524,0.0077541013625818,,,,
2459663.3940432523,,,3,8.071432339652832,0.0565572995746569,,,,
2459663.3958409145,,,3,8.048970682536417,0.0121033227758513,,,,
2459663.3976311344,,,3,8.07157555341813,0.069430561824453,,,,
2459663.399466713,,,3,8.080411330116494,0.0169689724172491,,,,
2459663.4012548146,,,3,8.064597847395657,0.0082360647754287,,,,
2459663.4030808914,,,3,8.086592278985913,0.0203511293402375,,,,
2459663.4049439006,,,3,8.087429859755582,0.0086288764945608,,,,
2459663.406717604,,,3,8.061173257352976,0.0097580866464298,,,,
2459663.4084682753,,,3,8.054687988709075,0.0112067212724182,,,,
2459663.4116095137,,,3,8.040454175790185,0.0666567390980297,,,,
2459663.4133820604,,,3,8.059874428221534,0.0095400389640602,,,,
2459663.4151410186,,,3,8.040994083530464,0.0134220536856863,,,,
2459663.416985405,,,3,8.025878885930295,0.0941822467760992,,,,
2459663.41875044,,,3,8.05231529212258,0.0758579312265222,,,,
2459663.4206657293,,,3,8.041730556606367,0.011926527275789,,,,
2459663.4225514466,,,3,8.029359633174195,0.0085024731226834,,,,
2459663.4243085417,,,3,8.023843568829033,0.0794929574420948,,,,
2459663.4279921064,,,3,8.036280503463043,0.0097662107222389,,,,
2459663.429878576,,,3,8.028312195329399,0.0086999230995515,,,,
2459663.431691389,,,3,8.00471400829487,0.0610641570128382,,,,
2459663.4335213196,,,3,8.01412782751213,0.0811555893085465,,,,
2459663.435365729,,,3,8.014748009046071,0.0641985893338976,,,,
2459663.437154537,,,3,8.017901290134807,0.0599591022454199,,,,
2459663.438943935,,,3,8.016660163565458,0.0769870814751784,,,,
2459663.4407450696,,,3,8.003757349006209,0.0081661552097777,,,,
2459663.442519919,,,3,8.015639356041916,0.0668065861240399,,,,
2459663.4443651275,,,3,8.000311462211343,0.0098247854649296,,,,
2459663.446157766,,,3,8.013866129658753,0.0128417125576235,,,,
2459663.447821354,,,3,7.998906006224327,0.0814076455776913,,,,
2459663.449442523,,,3,7.992466361488228,0.0992128414457409,,,,
2459663.451066979,,,3,8.00620244139671,0.0878265746871907,,,,
2459663.452764456,,,3,8.003941696442329,0.0423495082654559,,,,
2459663.456137604,,,3,7.986317806981445,0.0100166030074285,,,,
2459663.4577926043,,,3,7.997230756806335,0.0621713500404512,,,,
2459663.4595470023,,,3,8.003320210013644,0.011932695809629,,,,
2459663.4613596643,,,3,7.99231847734771,0.0072780933277408,,,,
2459663.463158449,,,3,8.002940193710259,0.0060304066089406,,,,
2459663.4650193057,,,3,7.978489093688619,0.0070412973509034,,,,
2459663.466934491,,,3,7.982191209119839,0.0080581646836976,,,,
2459663.468771296,,,3,7.970871584373931,0.0530597412257656,,,,
2459663.4705992243,,,3,7.969793148798612,0.0136463236361182,,,,
2459663.472432604,,,3,7.980868251822249,0.0066590495392919,,,,
2459663.4742048034,,,3,7.996308154337721,0.0639407976511502,,,,
2459663.475989109,,,3,7.9642762416119695,0.0086858547127942,,,,
2459663.477886678,,,3,7.986711886216071,0.0098281888924026,,,,
2459663.4797240393,,,3,7.981172848825672,0.0115501386051439,,,,
2459663.481498044,,,3,7.955535039567563,0.0135165579049836,,,,
2459663.483266516,,,3,7.962305429768324,0.0078363982956156,,,,
2459663.4850847106,,,3,7.954237476324422,0.0072486586383106,,,,
2459663.4869270255,,,3,7.971493115653756,0.0068662799472276,,,,
2459663.488735625,,,3,7.9686031436191165,0.0077740469675824,,,,
2459663.4905124884,,,3,7.974568127142573,0.0072055986850602,,,,
2459663.4923348725,,,3,7.96003146896096,0.0069846344537609,,,,
2459663.494168171,,,3,7.96051203349775,0.0070822237675018,,,,
2459663.4960258217,,,3,7.970567379766508,0.0092148676597986,,,,
2459663.4978117594,,,3,7.960315335810424,0.0079548142655047,,,,
2459663.5020686225,,,3,7.97014967043732,0.0078504245605133,,,,
2459663.5038391086,,,3,7.972419826216658,0.0063716747192243,,,,
2459663.5056425463,,,3,7.975259202828106,0.0703359114228008,,,,
2459663.507453912,,,3,7.972555437318207,0.0111830814844523,,,,
2459663.5092693632,,,3,7.944398076246539,0.0096660773792108,,,,
2459663.5111187617,,,3,7.962092847002014,0.0069467477859793,,,,
2459663.5128820254,,,3,7.96284314169463,0.0079379675198501,,,,
2459663.5146866203,,,3,7.963309824029064,0.0072803138053861,,,,
2459999.366020509,,,4,8.404198550317822,0.0080403248736628,,,,
2459999.3675788427,,,4,8.401328441314295,0.0072951703999593,,,,
2459999.3700853703,,,4,8.384201802178872,0.0096219735829451,,,,
2459999.3728706827,,,4,8.362790946557508,0.0128371086562377,,,,
2459999.375655544,,,4,8.35899850581085,0.0071811551691349,,,,
2459999.378455301,,,4,8.345544419718573,0.0101722527435903,,,,
2459999.381249595,,,4,8.336927594303887,0.0085074200701511,,,,
2459999.3840305787,,,4,8.327279604360463,0.0079878513763748,,,,
2459999.386812523,,,4,8.317795004213849,0.0085579509025296,,,,
2459999.3895905092,,,4,8.301959875618417,0.0079892418885763,,,,
2459999.392439375,,,4,8.29097950347448,0.0083247387442531,,,,
2459999.3952576737,,,4,8.280757758393401,0.0100368134654565,,,,
2459999.3980808333,,,4,8.282124995327981,0.0081487319413682,,,,
2459999.4008717826,,,4,8.267080567560786,0.0092518875000513,,,,
2459999.4036502084,,,4,8.253662099466174,0.0077778013081264,,,,
2459999.4064302314,,,4,8.226159420551545,0.0111940377624684,,,,
2459999.4092257177,,,4,8.216362669754512,0.0120966333217101,,,,
2460038.3773773266,,,5,7.975325863121162,0.0094550324874486,,,,
2460038.3864140627,,,5,7.9614460702578,0.0055622117232014,,,,
2460038.395548472,,,5,7.963036971758379,0.0052708257195795,,,,
2460038.4047320257,,,5,7.956907980740321,0.0070407864191654,,,,
2460038.414043391,,,5,7.948272271145568,0.0084308349795009,,,,
2460038.4245728357,,,5,7.943303242955478,0.007813581203547,,,,
2460038.4389159954,,,5,7.957388458659953,0.0079222629557342,,,,
2460038.447616192,,,5,7.923149074191006,0.0052207314326627,,,,
2460038.4564006366,,,5,7.927497484425273,0.0065012556284976,,,,
2460038.465188148,,,5,7.909175610773108,0.0070767151591046,,,,
2460038.4753540508,,,5,7.925445780647669,0.0066986519111963,,,,
2460038.4841307756,,,5,7.898591929362858,0.0072937121569119,,,,
2460038.4931582175,,,5,7.920539961156145,0.0056414625226275,,,,
2460038.502097338,,,5,7.942939010260863,0.0061045815883378,,,,
2460054.397493947,,,6,7.883705971490188,0.0110614147598832,,,,
2460054.4052937035,,,6,7.866845133336141,0.0062304833452957,,,,
2460054.4239556827,,,6,7.859882335940973,0.006842254282212,,,,
2460054.4333047685,,,6,7.878835768474626,0.006872852354761,,,,
2460054.4424202316,,,6,7.913633366080218,0.0070115928188357,,,,
2459659.3973995834,,,1,,,8.252560199214386,0.03589181063212,,
2459659.3990149074,,,1,,,8.254241496889314,0.0420091496650825,,
2459659.4006911227,,,1,,,8.281539044061878,0.0291509266430946,,
2459659.4022958796,,,1,,,8.274943110023656,0.0097049825958279,,
2459659.4039568054,,,1,,,8.292593207018509,0.0062139062732497,,
2459659.4055291666,,,1,,,8.290439755400133,0.0304335858287253,,
2459659.4070995254,,,1,,,8.309365750995479,0.007596060351741,,
2459659.408662361,,,1,,,8.314991366356898,0.0195670098917478,,
2459659.4134108103,,,1,,,8.362299390384656,0.0439534949507729,,
2459659.4150395254,,,1,,,8.387587855926258,0.0337727131165364,,
2459659.4166458566,,,1,,,8.408373394168681,0.0393822208293307,,
2459659.41829544,,,1,,,8.42690874568622,0.0365692069835634,,
2459659.4312166204,,,1,,,8.665067943821361,0.0363743211776414,,
2459659.432806771,,,1,,,8.688691721334033,0.0399039642536251,,
2459659.4343777895,,,1,,,8.711975752631107,0.0306583419425345,,
2459659.435974433,,,1,,,8.76279699888225,0.0224845702263563,,
2459659.437625162,,,1,,,8.800731286748526,0.0156320460745428,,
2459659.4392092475,,,1,,,8.824626154550812,0.023297436332372,,
2459659.440794722,,,1,,,8.870490036968544,0.0067922603633744,,
2459659.4423997337,,,1,,,8.900820834237031,0.0087427794474011,,
2459659.4440441434,,,1,,,8.929833863279308,0.007304456525537,,
2459659.4456269215,,,1,,,8.94322802779429,0.0059936283471345,,
2459659.4472127776,,,1,,,8.962677868135893,0.0063718536156057,,
2459659.448816215,,,1,,,8.993941548128104,0.0072384348200374,,
2459659.450450822,,,1,,,9.005884161637411,0.0055355506222797,,
2459659.452022488,,,1,,,9.021148815506422,0.0076316078558939,,
2459659.4535984606,,,1,,,9.030584692538971,0.008667415706287,,
2459659.4551904397,,,1,,,9.036599156969825,0.0072466617061394,,
2459659.4568498493,,,1,,,9.051512632391926,0.0053076110161138,,
2459659.4584249537,,,1,,,9.044555735705428,0.0056161214634617,,
2459659.4599973727,,,1,,,9.040891407136677,0.0060673605889246,,
2459659.46588919,,,1,,,9.026826808264165,0.0049993840535445,,
2459659.467532141,,,1,,,9.022972094335906,0.0087744721185691,,
2459659.46914294,,,1,,,9.026876071924756,0.0055763563804782,,
2459659.4707988543,,,1,,,9.00493761001887,0.0075109251678031,,
2459659.4724956946,,,1,,,9.011149759064011,0.0054002468960534,,
2459659.4741115626,,,1,,,9.011561772253517,0.0082612862052807,,
2459659.475763021,,,1,,,9.014520169861504,0.0066917073712542,,
2459659.4774539582,,,1,,,8.98681846977509,0.0101355553145229,,
2459659.479089456,,,1,,,8.989482903918839,0.0058776021822841,,
2459659.4807263543,,,1,,,8.991453179346248,0.007776647926223,,
2459659.4823712152,,,1,,,8.967341455816433,0.0060434456391929,,
2459659.484034213,,,1,,,8.961476284010722,0.0046378808682759,,
2459659.488182662,,,1,,,8.948721706573794,0.0080448893767526,,
2459659.489768009,,,1,,,8.943830490462599,0.0047280914118266,,
2459659.491339757,,,1,,,8.93536858587167,0.0059710219216781,,
2459659.492932477,,,1,,,8.9241236190503,0.006692188872342,,
2459659.494506794,,,1,,,8.89771855097672,0.0069873553459407,,
2459659.4960594676,,,1,,,8.889278876518151,0.0059127496138695,,
2459659.497646065,,,1,,,8.884479540824085,0.0061402259405515,,
2459659.4992248956,,,1,,,8.898341987500796,0.0065218592688964,,
2459659.5008134493,,,1,,,8.884389364464983,0.0071728745009125,,
2459659.5024054977,,,1,,,8.875543989087097,0.0049718223983461,,
2459659.5039633447,,,1,,,8.86025975506554,0.0059612056559867,,
2459659.5055348957,,,1,,,8.858231205732077,0.0054377171528171,,
2459661.3776310533,,,2,,,8.850273975846898,0.0109551321852938,,
2459661.380051146,,,2,,,8.852169472376387,0.0142177919773681,,
2459661.3820586344,,,2,,,8.83833954974374,0.0203145553691882,,
2459661.3841066896,,,2,,,8.82416740235062,0.0198757967157523,,
2459661.386120162,,,2,,,8.807945911711522,0.0133168737291265,,
2459661.3880888657,,,2,,,8.811222546574491,0.0110114404605075,,
2459661.3900999073,,,2,,,8.78413219164819,0.0262091520117832,,
2459661.39210941,,,2,,,8.778255004374769,0.0306219610130359,,
2459661.394100081,,,2,,,8.790225428529563,0.0130234966506278,,
2459661.396112743,,,2,,,8.777112916680858,0.0270128028891839,,
2459661.3980480554,,,2,,,8.76838255113225,0.0215391684623058,,
2459661.4000186576,,,2,,,8.767393329614487,0.0299142256789807,,
2459661.40208603,,,2,,,8.73385388794742,0.0107937582823031,,
2459661.404039097,,,2,,,8.732542285290215,0.0172974466857291,,
2459661.4060693868,,,2,,,8.741428783479536,0.0403074928184699,,
2459661.408110463,,,2,,,8.71481783372326,0.0176612818457437,,
2459661.410105359,,,2,,,8.707788281014317,0.0220620922231049,,
2459661.412079965,,,2,,,8.71345287016701,0.0143058620678461,,
2459661.4140615626,,,2,,,8.706594263682465,0.0324128199947969,,
2459661.416085012,,,2,,,8.698476486804816,0.0159567639526531,,
2459661.4181362963,,,2,,,8.679405933694799,0.0182906292692753,,
2459661.4201629283,,,2,,,8.670381591644285,0.0061057367530992,,
2459661.422143252,,,2,,,8.668634200816117,0.0348194294883601,,
2459661.42407566,,,2,,,8.658357545895942,0.0398090861537048,,
2459661.4261378474,,,2,,,8.65280080845208,0.0412406597615633,,
2459661.428058796,,,2,,,8.632027453182939,0.0441528889114898,,
2459661.430135648,,,2,,,8.638854202324836,0.0469777985423288,,
2459661.4320362154,,,2,,,8.620873523790909,0.0425990147902495,,
2459661.434009699,,,2,,,8.62441027615436,0.0486940379609462,,
2459661.436035162,,,2,,,8.610448301112575,0.0295343444632865,,
2459661.438014097,,,2,,,8.612129726263655,0.0351001955746816,,
2459661.440038542,,,2,,,8.58534203197125,0.0412865901268126,,
2459661.4420491434,,,2,,,8.578848755817136,0.0227303035621003,,
2459661.4442871297,,,2,,,8.587115933392408,0.0343693730579385,,
2459661.446269155,,,2,,,8.574763587441756,0.0082602638286059,,
2459661.4482435416,,,2,,,8.579495615733508,0.0084004409488233,,
2459661.4528404516,,,2,,,8.548303312679474,0.0459877751525565,,
2459661.4552879515,,,2,,,8.546578128803215,0.0365122835841623,,
2459661.4575168286,,,2,,,8.54997106134456,0.0104779800976991,,
2459661.4596488425,,,2,,,8.530032065505795,0.0365788569847805,,
2459661.4617829747,,,2,,,8.517993971389648,0.0356479266043266,,
2459661.4638820603,,,2,,,8.52259084600658,0.0402908078357028,,
2459661.466025602,,,2,,,8.517083552420901,0.0381132660552806,,
2459661.46815125,,,2,,,8.510410045908149,0.0248545698168829,,
2459661.470323102,,,2,,,8.495357934869372,0.0145737415715749,,
2459661.4724192475,,,2,,,8.50511519194573,0.0464644085369464,,
2459661.474553565,,,2,,,8.468216330825541,0.0264994147503262,,
2459661.4767572917,,,2,,,8.465408890647353,0.0090102347198273,,
2459661.478940058,,,2,,,8.455038267721473,0.0349627815240909,,
2459661.4810547107,,,2,,,8.456086719310552,0.008675616384744,,
2459661.4831983447,,,2,,,8.454974678690073,0.0185207663797606,,
2459661.485302257,,,2,,,8.443811485066195,0.0077944130505324,,
2459661.4873697455,,,2,,,8.447892067042085,0.0066299652967549,,
2459661.489466412,,,2,,,8.411752310343488,0.0065530312430415,,
2459661.491576389,,,2,,,8.419847690910574,0.0062696370693029,,
2459661.493568877,,,2,,,8.419197756501418,0.0052353010302332,,
2459661.495593692,,,2,,,8.402112300258773,0.0055978017031229,,
2459661.4976934493,,,2,,,8.39852413099041,0.0059360206478092,,
2459661.499839074,,,2,,,8.380853285479974,0.0056265912129748,,
2459661.501983924,,,2,,,8.394974471492324,0.007701278729268,,
2459663.366123414,,,3,,,8.427821149074258,0.0427164401849078,,
2459663.3679681597,,,3,,,8.41351862609073,0.0440246837072942,,
2459663.3698321064,,,3,,,8.40086881460669,0.0607789377754246,,
2459663.3717419677,,,3,,,8.404948878913398,0.0445194138992812,,
2459663.373732176,,,3,,,8.383700110253821,0.0452196837587795,,
2459663.375721088,,,3,,,8.379642995011855,0.0479682114873816,,
2459663.3775999537,,,3,,,8.380096347297078,0.027409195711334,,
2459663.3793909955,,,3,,,8.396628609884658,0.0366125048922839,,
2459663.381346991,,,3,,,8.385778915846396,0.0499196400286069,,
2459663.3832716784,,,3,,,8.376121536351103,0.043473010558461,,
2459663.385190405,,,3,,,8.362732839286785,0.0482968049950547,,
2459663.3871668866,,,3,,,8.35223962373776,0.0535428484144905,,
2459663.3890548726,,,3,,,8.342217992001501,0.054988247258278,,
2459663.390959757,,,3,,,8.3561208568185,0.0391361043974491,,
2459663.3927828935,,,3,,,8.325442773142163,0.0105196600201861,,
2459663.39453537,,,3,,,8.359412780994724,0.0101862056471897,,
2459663.396290336,,,3,,,8.341860823598687,0.0594892219348488,,
2459663.398127801,,,3,,,8.312269107969527,0.0608193155958392,,
2459663.399943125,,,3,,,8.315552620487844,0.0077544018676807,,
2459663.4017347223,,,3,,,8.321357048599102,0.0071759006354434,,
2459663.403582685,,,3,,,8.311757463064817,0.0618780762475973,,
2459663.4054190163,,,3,,,8.301381391466068,0.062220780152804,,
2459663.407195243,,,3,,,8.309531607664823,0.007758968204069,,
2459663.4089437616,,,3,,,8.292140324197,0.0605049503442806,,
2459663.412086447,,,3,,,8.288902614851615,0.0697949838478429,,
2459663.4138590507,,,3,,,8.284243666260522,0.0627441451544872,,
2459663.415653229,,,3,,,8.27967141377645,0.0651562339660061,,
2459663.4174628705,,,3,,,8.291518491544451,0.0809761345641088,,
2459663.419394595,,,3,,,8.279692298330307,0.0615272939904147,,
2459663.421213773,,,3,,,8.285429842706192,0.0704292773633489,,
2459663.4230301967,,,3,,,8.27629861526847,0.0840548247753269,,
2459663.424808333,,,3,,,8.266570523789461,0.0765228778604821,,
2459663.4266791665,,,3,,,8.284197308534974,0.0828969924439678,,
2459663.428491493,,,3,,,8.271939191248313,0.0745809857131606,,
2459663.430368044,,,3,,,8.268646631256749,0.0651369448449021,,
2459663.432169248,,,3,,,8.26693547013922,0.0076498513453573,,
2459663.4340820834,,,3,,,8.267161711864613,0.080642685916206,,
2459663.4358452545,,,3,,,8.253794441371923,0.0778151178170488,,
2459663.4376580785,,,3,,,8.259441796541038,0.0730542434632267,,
2459663.4394213078,,,3,,,8.247014320025297,0.0101704665292287,,
2459663.441229549,,,3,,,8.257958269474644,0.0597847873892512,,
2459663.442996377,,,3,,,8.248025949550087,0.047606137645465,,
2459663.444841597,,,3,,,8.251165395907696,0.0453264480352906,,
2459663.4466525577,,,3,,,8.264736884989555,0.0662264481723117,,
2459663.4482622915,,,3,,,8.245955828328228,0.0751562790345312,,
2459663.4499057294,,,3,,,8.238970185028533,0.0846369459691807,,
2459663.4515084373,,,3,,,8.242220650202395,0.038307727798894,,
2459663.4532021065,,,3,,,8.230405157379453,0.0250784163535843,,
2459663.45660022,,,3,,,8.23764470551772,0.0646884794757177,,
2459663.4582375577,,,3,,,8.228259025379918,0.0537465076725064,,
2459663.460046447,,,3,,,8.239569581802556,0.0662609803043723,,
2459663.4618365276,,,3,,,8.22819896597645,0.0711700623317449,,
2459663.463703912,,,3,,,8.230252398203774,0.0878394912697049,,
2459663.465566551,,,3,,,8.22778441249069,0.0535370043305355,,
2459663.467445914,,,3,,,8.22639582214147,0.0071767874066161,,
2459663.469269398,,,3,,,8.215936633663635,0.0805010572232081,,
2459663.4710768173,,,3,,,8.212271239913486,0.0342435213152437,,
2459663.4729098263,,,3,,,8.209955985668135,0.0085217474372141,,
2459663.4746920257,,,3,,,8.219002608634375,0.0732122333705469,,
2459663.4764989815,,,3,,,8.212619547825126,0.0078914368032914,,
2459663.478402882,,,3,,,8.19865173341638,0.007615717419475,,
2459663.480213287,,,3,,,8.191860163970624,0.0750185765810538,,
2459663.4819757175,,,3,,,8.20485739175203,0.0057204295729643,,
2459663.483775046,,,3,,,8.198898795161107,0.0085571495452827,,
2459663.4855878702,,,3,,,8.204354556394303,0.0065378706440037,,
2459663.4874258335,,,3,,,8.195285702719024,0.0072193114955525,,
2459663.4892257177,,,3,,,8.203423830520315,0.0063320581969321,,
2459663.4909896874,,,3,,,8.209719754559746,0.0063252357648339,,
2459663.4928235183,,,3,,,8.196792627386948,0.006994341630931,,
2459663.494673704,,,3,,,8.183991561507188,0.00671171705882,,
2459663.4965050924,,,3,,,8.19371564737505,0.0066333413201554,,
2459663.498269317,,,3,,,8.19887354780331,0.0077431040547982,,
2459663.502574132,,,3,,,8.197437795114215,0.0795260035691254,,
2459663.504327928,,,3,,,8.221944188737536,0.070704890626377,,
2459663.506118148,,,3,,,8.210660211547076,0.0844880159774657,,
2459663.5079633566,,,3,,,8.214275183301083,0.0679799313688157,,
2459663.509760243,,,3,,,8.207863150302487,0.0582896612616688,,
2459663.5116033102,,,3,,,8.198935566390366,0.0336576023538565,,
2459663.5133425,,,3,,,8.202813290128644,0.0624625069706296,,
2459999.366468623,,,4,,,8.751309857708375,0.0080039643489831,,
2459999.3680105554,,,4,,,8.763723737409602,0.0090555599997794,,
2459999.370866794,,,4,,,8.746473421005637,0.0081970241737646,,
2459999.373650127,,,4,,,8.722687561166818,0.0078305918680669,,
2459999.376436169,,,4,,,8.714279136486558,0.0068340528165345,,
2459999.3792367824,,,4,,,8.694585504128451,0.0068409580009051,,
2459999.382029583,,,4,,,8.686224648756024,0.0062159281591155,,
2459999.3848144445,,,4,,,8.670029553252936,0.0076447725019983,,
2459999.387592257,,,4,,,8.654369715314017,0.0069223970226213,,
2459999.3903929745,,,4,,,8.626928514817905,0.0070829927244242,,
2459999.393217118,,,4,,,8.629082334462609,0.0073463512306923,,
2459999.3960381136,,,4,,,8.60720268139977,0.0066030857771884,,
2459999.3988608103,,,4,,,8.589469062396489,0.0058996752225114,,
2459999.4016554747,,,4,,,8.584871421007266,0.0083179712986502,,
2459999.4044343866,,,4,,,8.556555279191029,0.006298939616422,,
2459999.4072088194,,,4,,,8.546387438626864,0.0063063672614723,,
2459999.4100080673,,,4,,,8.53436068631499,0.0079912653815733,,
2460038.378161227,,,5,,,8.209698715399739,0.007701704275503,,
2460038.387219005,,,5,,,8.223597864212245,0.0050370627528556,,
2460038.396340648,,,5,,,8.214264135142505,0.0091531602755225,,
2460038.4055196526,,,5,,,8.21227825380497,0.0093797954331602,,
2460038.4148372454,,,5,,,8.191937474356138,0.0056056236737146,,
2460038.4253639006,,,5,,,8.202034299251672,0.0052926569166944,,
2460038.439671655,,,5,,,8.207768223054027,0.0064570690826799,,
2460038.4483638424,,,5,,,8.185811210991492,0.0059016725518344,,
2460038.4571518404,,,5,,,8.182732083632336,0.0086612027343076,,
2460038.465937743,,,5,,,8.170538849295005,0.0071031395492863,,
2460038.4761032406,,,5,,,8.168371586947657,0.0054663045387103,,
2460038.484882118,,,5,,,8.172176790165159,0.0071931313912313,,
2460038.493910671,,,5,,,8.191116243799787,0.0052241040139263,,
2460038.50285184,,,5,,,8.219178463560095,0.0054903938491299,,
2460054.398304537,,,6,,,8.148224942358972,0.0061622994654457,,
2460054.4060987616,,,6,,,8.125159140723433,0.0052306115898559,,
2460054.4150210996,,,6,,,8.120689849757278,0.0055489010907558,,
2460054.424738611,,,6,,,8.119070756919841,0.0053842542487263,,
2460054.434111412,,,6,,,8.13561547965987,0.0050458171243955,,
2460054.443203218,,,6,,,8.164658311114488,0.005156057695214,,
2459659.3978351387,,,1,,,,,8.371167733021753,0.0326000438603735
2459659.3994792476,,,1,,,,,8.373099774183583,0.0354257445100097
2459659.4011348956,,,1,,,,,8.403853259384688,0.0329102051637923
2459659.402751771,,,1,,,,,8.401428053111339,0.0238283412429486
2459659.4043861227,,,1,,,,,8.397761013359888,0.0311805051515821
2459659.4059580555,,,1,,,,,8.412508379378835,0.0239433414895867
2459659.407544132,,,1,,,,,8.440577709267268,0.0202385585842076
2459659.4090877776,,,1,,,,,8.468312123736098,0.0237741079372298
2459659.413855116,,,1,,,,,8.503350319887172,0.0273507473904052
2459659.415497546,,,1,,,,,8.53361545192861,0.032699136893234
2459659.417091123,,,1,,,,,8.55249448807821,0.0374689121793755
2459659.4187496644,,,1,,,,,8.5840786453924,0.0358364720752837
2459659.431645185,,,1,,,,,8.8583894044478,0.0192918180024854
2459659.4332337617,,,1,,,,,8.911064626133088,0.0230130044153737
2459659.4348046873,,,1,,,,,8.924169559472157,0.0177034732794889
2459659.4364048378,,,1,,,,,8.99494037183998,0.0198805292960426
2459659.4380650925,,,1,,,,,9.020244450013802,0.0087311143941381
2459659.4396488196,,,1,,,,,9.049264583250556,0.0059184775956787
2459659.4412490395,,,1,,,,,9.102840465557271,0.0077650966290544
2459659.442839155,,,1,,,,,9.124797769230865,0.0079284308008478
2459659.4444844327,,,1,,,,,9.173049016778371,0.0063669117821131
2459659.44606647,,,1,,,,,9.18969413486636,0.0067341893270462
2459659.4476739005,,,1,,,,,9.246100684243563,0.0073479276529454
2459659.449253588,,,1,,,,,9.249327054425075,0.0053218182527146
2459659.4508872456,,,1,,,,,9.26702597703581,0.007140464122834
2459659.45245728,,,1,,,,,9.2653943244545,0.007403907428328
2459659.4540329976,,,1,,,,,9.302661996510215,0.007405372248253
2459659.4556279397,,,1,,,,,9.295670593584669,0.0053287198156148
2459659.4572874885,,,1,,,,,9.309950831041013,0.005912953901209
2459659.4588634493,,,1,,,,,9.307376982454551,0.0065533884142243
2459659.460434132,,,1,,,,,9.294283226109378,0.007532943816682
2459659.466333264,,,1,,,,,9.283836330711754,0.0066278319447036
2459659.4679728937,,,1,,,,,9.285035875774328,0.0075069995082373
2459659.4695856017,,,1,,,,,9.278556032126282,0.0064008236167128
2459659.4712696993,,,1,,,,,9.254699239287218,0.007700153674529
2459659.472938831,,,1,,,,,9.271901570849971,0.0063948353478743
2459659.4745765044,,,1,,,,,9.2583721929377,0.0083709908631153
2459659.476230382,,,1,,,,,9.231643404563604,0.0073890916854662
2459659.4778956827,,,1,,,,,9.23964754442474,0.0077025648580354
2459659.4795401623,,,1,,,,,9.234361658947943,0.0078343797025605
2459659.481179178,,,1,,,,,9.216809983018264,0.0059580781985727
2459659.4828206715,,,1,,,,,9.215455432803113,0.0084871541517725
2459659.484493206,,,1,,,,,9.202420121919024,0.0135495899125319
2459659.4886240046,,,1,,,,,9.170004812179556,0.0063627133903949
2459659.490205602,,,1,,,,,9.152245442073047,0.010532881479813
2459659.49178397,,,1,,,,,9.16659656305957,0.0105824631564875
2459659.493359433,,,1,,,,,9.148489082029135,0.0064056986794752
2459659.494938449,,,1,,,,,9.150720871893965,0.0066903519611879
2459659.496504398,,,1,,,,,9.131040301698109,0.0080530244295075
2459659.498089421,,,1,,,,,9.13496207276175,0.0069990235020227
2459659.4996570256,,,1,,,,,9.1145307266725,0.0063109946334468
2459659.5012463657,,,1,,,,,9.112289462481948,0.0085043397366929
2459659.502838449,,,1,,,,,9.101181950917432,0.005465780293225
2459659.504395,,,1,,,,,9.084508349196524,0.0057753202977023
2459659.505964051,,,1,,,,,9.07883865148792,0.0098588125212297
2459661.3783905557,,,2,,,,,9.062956590086838,0.0089732713107936
2459661.3805862614,,,2,,,,,9.055038260966494,0.0109706026062396
2459661.382590868,,,2,,,,,9.039052403788665,0.0128057140665027
2459661.3846352664,,,2,,,,,9.049401074132764,0.0132620619013188
2459661.386662697,,,2,,,,,9.000694887491782,0.0111975934037824
2459661.3886138657,,,2,,,,,9.004139070578326,0.0112612670305351
2459661.3906406946,,,2,,,,,8.987899550426016,0.0136159678288084
2459661.392637847,,,2,,,,,9.003770813604113,0.0123465301033919
2459661.3946424536,,,2,,,,,8.978798357313975,0.011150562321428
2459661.396632986,,,2,,,,,8.963239174788356,0.0098166214838879
2459661.3985860995,,,2,,,,,8.95815800386724,0.0120772599615709
2459661.4005489005,,,2,,,,,8.96765458955519,0.0100132417930938
2459661.40259169,,,2,,,,,8.954064149409241,0.0243351072428639
2459661.404602639,,,2,,,,,8.92859921767666,0.0163877446480275
2459661.406592014,,,2,,,,,8.927692783757799,0.0124448275240705
2459661.408627963,,,2,,,,,8.906154411346575,0.0121439429728282
2459661.4106150465,,,2,,,,,8.901087732291101,0.0200322137463923
2459661.412596713,,,2,,,,,8.890464828307838,0.014376469004246
2459661.414632384,,,2,,,,,8.885727214887707,0.0187097103435928
2459661.416594734,,,2,,,,,8.873909948403034,0.0199102731808561
2459661.418654861,,,2,,,,,8.8712340847837,0.016462290531432
2459661.4206791553,,,2,,,,,8.856993036807816,0.0109530738850275
2459661.4226611922,,,2,,,,,8.829099929638677,0.0178028797319696
2459661.424577847,,,2,,,,,8.826475234121029,0.0168891453951762
2459661.4266484026,,,2,,,,,8.836034925671383,0.0132636870229196
2459661.4286294794,,,2,,,,,8.823183591588567,0.0239149651053287
2459661.4306412614,,,2,,,,,8.805938247625622,0.0151629775739098
2459661.43254581,,,2,,,,,8.800742634485324,0.0133106522169813
2459661.4345746757,,,2,,,,,8.782440425248588,0.0258498398305574
2459661.436548125,,,2,,,,,8.784607824573454,0.0168012905346084
2459661.438587824,,,2,,,,,8.764902776831452,0.0247752130012487
2459661.440603079,,,2,,,,,8.773785936838351,0.013378358753744
2459661.4426096063,,,2,,,,,8.75291795787922,0.0140499912970838
2459661.4448005324,,,2,,,,,8.736042809404589,0.0150946387210572
2459661.44682809,,,2,,,,,8.744192715606504,0.0044963819896703
2459661.4488185993,,,2,,,,,8.73871419489357,0.0078840506281795
2459661.453698472,,,2,,,,,8.718071510502872,0.0115176467332687
2459661.4558410416,,,2,,,,,8.702120051244925,0.015945968415401
2459661.4580844445,,,2,,,,,8.68930345114235,0.0424396689389702
2459661.460216574,,,2,,,,,8.673454446398257,0.0348499302312244
2459661.4623572454,,,2,,,,,8.65298001918905,0.0308847222774999
2459661.4644369096,,,2,,,,,8.657245617218418,0.0375667788212417
2459661.4665976507,,,2,,,,,8.642369975993082,0.0384779802299758
2459661.468726146,,,2,,,,,8.639141784339742,0.0077061722191382
2459661.4708718285,,,2,,,,,8.620505534389313,0.0093847818027144
2459661.472972118,,,2,,,,,8.613704467333504,0.0516253194311488
2459661.475168021,,,2,,,,,8.612747928384682,0.0102856455453762
2459661.4773352086,,,2,,,,,8.591294723864975,0.043682858182348
2459661.4795057755,,,2,,,,,8.584079856359374,0.0157354479730801
2459661.4816689235,,,2,,,,,8.586864404490516,0.0075138700114623
2459661.483741192,,,2,,,,,8.580446975211235,0.0083020552794895
2459661.485843484,,,2,,,,,8.569334261181695,0.0062530727667616
2459661.487952963,,,2,,,,,8.554668033863965,0.0064315934143865
2459661.490012662,,,2,,,,,8.544541929385561,0.0063947012014487
2459661.4921292476,,,2,,,,,8.540554452612781,0.0061043995600531
2459661.4941161806,,,2,,,,,8.540128802725054,0.0065556208886387
2459661.496137847,,,2,,,,,8.538711457696152,0.0062501363018912
2459661.4983122223,,,2,,,,,8.516577781650923,0.007697685062855
2459661.5004259837,,,2,,,,,8.51410676930734,0.0077581730379644
2459661.5025882637,,,2,,,,,8.506978235285864,0.0063472396116226
2459663.3665741202,,,3,,,,,8.51435531588289,0.0363208158486151
2459663.3684480092,,,3,,,,,8.531798343440382,0.0422758387242444
2459663.370309977,,,3,,,,,8.501989002210756,0.0404572971979007
2459663.3722982407,,,3,,,,,8.522958069017331,0.044197843241586
2459663.374263322,,,3,,,,,8.491638134371527,0.0439161060268519
2459663.376217662,,,3,,,,,8.507660984140092,0.0430350666059072
2459663.3781189006,,,3,,,,,8.487600164065848,0.0331685214433372
2459663.3799165394,,,3,,,,,8.496662684227552,0.0385852275185603
2459663.38188463,,,3,,,,,8.47931552669464,0.0402474259904358
2459663.38381103,,,3,,,,,8.483786125015934,0.0478322752573234
2459663.385714213,,,3,,,,,8.46930791830914,0.0448237543217399
2459663.387647905,,,3,,,,,8.45507412873349,0.0433332456875239
2459663.389614352,,,3,,,,,8.440994664509942,0.0388833761299649
2459663.3914918867,,,3,,,,,8.427263385937426,0.0494886791531972
2459663.393251493,,,3,,,,,8.433277879939403,0.0482078066211838
2459663.395062685,,,3,,,,,8.426106896500269,0.0496477872976045
2459663.3967961227,,,3,,,,,8.420727820703473,0.0460202944632264
2459663.398649583,,,3,,,,,8.405806205805883,0.0298991532965223
2459663.400448067,,,3,,,,,8.429196142620484,0.0566781968509024
2459663.402212917,,,3,,,,,8.407366174992376,0.0483652349071793
2459663.404093935,,,3,,,,,8.393161889418547,0.0417616458434485
2459663.405913669,,,3,,,,,8.390891759617741,0.0552743763883698
2459663.4076980324,,,3,,,,,8.405113040821522,0.057644219169216
2459663.4094424653,,,3,,,,,8.378258443926196,0.0656124949045642
2459663.4125664467,,,3,,,,,8.38822099519273,0.0647154138835939
2459663.4143473725,,,3,,,,,8.381520017617735,0.0554895747805469
2459663.416150613,,,3,,,,,8.380421106029953,0.0758482515139028
2459663.4179426273,,,3,,,,,8.37335519455855,0.0548977671693733
2459663.4198478702,,,3,,,,,8.387365312569433,0.0671319184806293
2459663.4217383103,,,3,,,,,8.376027999480868,0.0670208792180838
2459663.423512037,,,3,,,,,8.375179046086375,0.0596177004740585
2459663.425334051,,,3,,,,,8.353068057577227,0.0718988150184212
2459663.4271567594,,,3,,,,,8.365237424661311,0.0580546535988311
2459663.429039757,,,3,,,,,8.350756617823329,0.0726670823343811
2459663.4308658103,,,3,,,,,8.358601308477906,0.042948091532434
2459663.432646412,,,3,,,,,8.363036424650062,0.0742408760540522
2459663.4345911574,,,3,,,,,8.340962008144325,0.0789712081184246
2459663.4363681367,,,3,,,,,8.348123859400534,0.0062529997919401
2459663.438135023,,,3,,,,,8.356961632722411,0.0088489900378156
2459663.4399164813,,,3,,,,,8.351440080163226,0.080043870680715
2459663.4417189583,,,3,,,,,8.3594031786955,0.0828464215505505
2459663.4435066665,,,3,,,,,8.325358177168967,0.0613536961034572
2459663.445316933,,,3,,,,,8.343388322776008,0.064829792163102
2459663.4470907175,,,3,,,,,8.342041141830878,0.1116962899252729
2459663.4487230326,,,3,,,,,8.34122692300436,0.0756280087861909
2459663.4503660994,,,3,,,,,8.337959132406692,0.0819133617653204
2459663.453643414,,,3,,,,,8.332020851145142,0.0251863998719343
2459663.457070243,,,3,,,,,8.32088058157153,0.0657433074374885
2459663.458677176,,,3,,,,,8.320339917328276,0.0866795415526421
2459663.4605229516,,,3,,,,,8.330926879445332,0.0624641105098579
2459663.462321806,,,3,,,,,8.300510795095184,0.0647530037716796
2459663.4641940743,,,3,,,,,8.322351322934633,0.0809742498558926
2459663.4660620717,,,3,,,,,8.320921282773341,0.0799228897848312
2459663.467925116,,,3,,,,,8.315340000273387,0.0736668957505419
2459663.4697464122,,,3,,,,,8.306918986178951,0.0689870368609704
2459663.4716103124,,,3,,,,,8.29692992701897,0.058955908043612
2459663.4733910533,,,3,,,,,8.31189434475693,0.070044910597739
2459663.475195116,,,3,,,,,8.30743774912853,0.0662548950608837
2459663.4770125463,,,3,,,,,8.305997339793885,0.0839343652382642
2459663.4789288193,,,3,,,,,8.303307556689214,0.0702372583599957
2459663.480701736,,,3,,,,,8.303865713250005,0.0642966897513447
2459663.4824628937,,,3,,,,,8.287572118816435,0.0179617273300687
2459663.4842645717,,,3,,,,,8.294983741927156,0.0631660085154568
2459663.486066389,,,3,,,,,8.290256381830805,0.0478679020017788
2459663.4879524074,,,3,,,,,8.296427443370376,0.0364563234162455
2459663.4897145024,,,3,,,,,8.29057403817281,0.0076368391186733
2459663.491489167,,,3,,,,,8.297639240547957,0.0061633919572818
2459663.4933015625,,,3,,,,,8.290568487324336,0.008366783908302
2459663.4951728703,,,3,,,,,8.286197599354562,0.0085578562019734
2459663.49698934,,,3,,,,,8.287453601226622,0.006318594166527
2459663.4987856713,,,3,,,,,8.303382029404148,0.0079982857218556
2459663.5030527664,,,3,,,,,8.299675150371474,0.0528645150206888
2459663.5048399423,,,3,,,,,8.308592970166497,0.0839373052299658
2459663.5066322917,,,3,,,,,8.289858871314804,0.0754906160102315
2459663.508440984,,,3,,,,,8.294128482546888,0.0642901494211637
2459663.510290949,,,3,,,,,8.306624059296407,0.0622952336673625
2459663.512072234,,,3,,,,,8.295690561153997,0.0500045288869925
2459663.513853229,,,3,,,,,8.304437480932112,0.0524764205522813
2459999.366924398,,,4,,,,,8.964768568053765,0.0076732099744093
2459999.3684475347,,,4,,,,,8.956087750591465,0.0075300685753367
2459999.3716525696,,,4,,,,,8.916774588080155,0.0074256653875449
2459999.374430486,,,4,,,,,8.897912238548653,0.0074847066315964
2459999.377221933,,,4,,,,,8.880982318822472,0.0063939672427842
2459999.3800178706,,,4,,,,,8.866033546752599,0.007005471710011
2459999.3828124767,,,4,,,,,8.84765360325987,0.0072446229881492
2459999.3855955326,,,4,,,,,8.847647993050535,0.0096960104389615
2459999.388373993,,,4,,,,,8.815297537596138,0.0086167695035708
2459999.3911721297,,,4,,,,,8.802351395805783,0.0076318709894724
2459999.3940003705,,,4,,,,,8.777054373019642,0.0091486050394613
2459999.39681809,,,4,,,,,8.749644330435252,0.0065864204258446
2459999.3996428703,,,4,,,,,8.751975541702997,0.0061116298553174
2459999.4024344906,,,4,,,,,8.721132447011223,0.008853823337274
2459999.405212801,,,4,,,,,8.709206391639688,0.0053289840883776
2459999.4079918056,,,4,,,,,8.690795926592989,0.0085010857582328
2459999.410787697,,,4,,,,,8.679774902598762,0.0070750746970786
2460038.3789436226,,,5,,,,,8.315072379769035,0.0088748388006255
2460038.3880061805,,,5,,,,,8.30924101863705,0.006662838914328
2460038.3971225694,,,5,,,,,8.315381909222191,0.0056873360457702
2460038.4063067245,,,5,,,,,8.289925347138333,0.0069718928364992
2460038.4156196644,,,5,,,,,8.295716157010364,0.009793360311277
2460038.4261465394,,,5,,,,,8.302386339716678,0.0059157624956891
2460038.440418102,,,5,,,,,8.298422196650584,0.006136330154117
2460038.4491115045,,,5,,,,,8.286150792372759,0.0059610094142593
2460038.457898831,,,5,,,,,8.275804179051724,0.0048624064601643
2460038.466684664,,,5,,,,,8.268633306726139,0.0072910606637118
2460038.476855463,,,5,,,,,8.26993894359637,0.0070506435418353
2460038.4856291553,,,5,,,,,8.266972451164628,0.0088227786738319
2460038.4946627663,,,5,,,,,8.297021794391066,0.0069460540821693
2460038.503598715,,,5,,,,,8.3387096685673,0.0046341272024157
2460054.4068908333,,,6,,,,,8.223150939012292,0.0055242104037306
2460054.4158374304,,,6,,,,,8.220339469920901,0.0483568513695904
2460054.425526435,,,6,,,,,8.219609340967292,0.0054995851432488
2460054.4349074075,,,6,,,,,8.233263303922286,0.0062712491382626
2460054.4440235877,,,6,,,,,8.293336039035806,0.005721634730699
