JD,mag_L,err_L,mag_R,err_R,mag_G,err_G,mag_B,err_B
2459921.3392967707,10.528446634869953,0.0072049746068227,,,,,,
2459921.3483437267,10.540581847086072,0.0067919908105861,,,,,,
2459921.349423241,10.562093543693534,0.0080212598265456,,,,,,
2459921.3519372223,10.561714831889535,0.0075349756463537,,,,,,
2459921.3529812037,10.563079299878284,0.0077064168362018,,,,,,
2459921.355501956,10.580347353595045,0.0050842664805619,,,,,,
2459921.356558287,10.576002827119517,0.0062822065214354,,,,,,
2459921.3590804166,10.571075336133063,0.007161480814503,,,,,,
2459921.360127824,10.58420152917286,0.0063369908549319,,,,,,
2459921.362643171,10.602598307085309,0.0074508837454129,,,,,,
2459921.363686829,10.57931695149582,0.0088311300426644,,,,,,
2459921.366196389,10.61530924542982,0.0081570422784276,,,,,,
2459921.3672407293,10.60781636351788,0.0084927507856002,,,,,,
2459921.3697612383,10.630029279346877,0.0086020496587197,,,,,,
2459921.3707998265,10.651164134065583,0.0091476404152461,,,,,,
2459921.3733145255,10.651561664958244,0.0089477649543337,,,,,,
2459921.3743840856,10.653842447989112,0.0069309974801719,,,,,,
2459921.3769043866,10.668281361319464,0.009175238623051,,,,,,
2459921.377946875,10.668267175614476,0.008884191650169,,,,,,
2459921.3804673264,10.71269568426131,0.0069522660941934,,,,,,
2459921.381503912,10.715959378033189,0.0088263319536927,,,,,,
2459921.384026516,10.732733452002218,0.0101904700146606,,,,,,
2459921.385071956,10.7613769225274,0.0068153270013257,,,,,,
2459921.3875968633,10.779431910457454,0.0064906982772556,,,,,,
2459921.388631632,10.77216161841649,0.009979163590987,,,,,,
2459921.391150139,10.820540649219302,0.0089104570897516,,,,,,
2459921.3922117823,10.83736278694653,0.0127227421690662,,,,,,
2459921.394726516,10.880870614833777,0.0073798069782927,,,,,,
2459921.3973101387,10.887060477098837,0.0086801226588949,,,,,,
2459921.399819097,10.915273802460971,0.0102207328046507,,,,,,
2459921.400868391,10.949380545707378,0.0104234166607978,,,,,,
2459921.403383912,11.002152318897496,0.0080838262115227,,,,,,
2459921.404438773,10.993860588806868,0.0088944722042436,,,,,,
2459921.406960278,11.027905682408583,0.0091722787614911,,,,,,
2459921.4080045256,11.025511733224358,0.0077310764759316,,,,,,
2459921.4105135878,11.060780466353124,0.0108350601146709,,,,,,
2459921.411623449,11.079421362860222,0.0122296056984285,,,,,,
2459921.4141362268,11.08339037212861,0.0062171392732619,,,,,,
2459921.415199676,11.091760586550352,0.010541463278436,,,,,,
2459921.417724236,11.108344475050751,0.0085671256241248,,,,,,
2459921.4188125925,11.08531806788583,0.0151227856274383,,,,,,
2459921.421323727,11.081787445335204,0.0098003483073774,,,,,,
2459921.422377766,11.074913857762123,0.0134277043982059,,,,,,
2459921.4248886113,11.07909067297044,0.0119489497706942,,,,,,
2459921.425933935,11.05244003985028,0.0154494035170427,,,,,,
2459921.428453426,11.046591864157165,0.0205637427010477,,,,,,
2459921.4295106484,11.049046643023342,0.0109240110202592,,,,,,
2459921.4320297455,11.070791258390877,0.0119197040024563,,,,,,
2459921.433078171,11.04145776605959,0.0145023256692371,,,,,,
2459921.4355951734,11.049512197555815,0.0107189805260864,,,,,,
2459921.4366422687,11.065664214102044,0.0128038142408073,,,,,,
2459921.439160984,11.072373227380751,0.009776220474126,,,,,,
2459921.440224178,11.08835084772419,0.0148495694441903,,,,,,
2459921.4427366205,11.088379179724082,0.0181675782552439,,,,,,
2459921.443809838,11.10244779399074,0.0090679541834755,,,,,,
2459921.446323831,11.060161338363152,0.0129672922690659,,,,,,
2459921.44884669,11.09638773732285,0.0123226028379838,,,,,,
2459921.451370023,11.099362793427352,0.0111537808568806,,,,,,
2459921.452430845,11.11044135992901,0.0103211333332668,,,,,,
2459921.454950382,11.09057771048911,0.0210499846488148,,,,,,
2459921.456007303,11.09119365904652,0.0122554001919928,,,,,,
2459921.458522801,11.06924565733748,0.0135120568377786,,,,,,
2459921.4595625577,11.072555880099417,0.0121262101546807,,,,,,
2459921.46207603,11.074380800467434,0.0122454529660571,,,,,,
2459921.4631046876,11.058233094009026,0.0138632158530075,,,,,,
2459921.4656177317,11.071306314759896,0.0086114353021608,,,,,,
2459921.466679803,11.068718527230848,0.0171979992783835,,,,,,
2459921.4691940974,11.047848466893766,0.018306774358547,,,,,,
2459921.470254433,11.021702563522586,0.012516351399003,,,,,,
2459921.472770486,11.061402367920666,0.0099297818868556,,,,,,
2459921.4738219446,11.067196469176825,0.0158509210414532,,,,,,
2459921.476335301,11.031620896641789,0.014543429490892,,,,,,
2459921.47739272,11.03219832343784,0.0146128369499796,,,,,,
2459921.479911736,11.000456709813289,0.0122749016268015,,,,,,
2459921.480959398,10.99416913326298,0.0127182802827807,,,,,,
2459921.483476539,10.980802838201884,0.0131170103483855,,,,,,
2459921.4845226505,10.995876985504776,0.0150186440394533,,,,,,
2459921.487041366,10.969441840850092,0.0082245503315408,,,,,,
2459921.4880920025,10.975736324755731,0.0151395224452209,,,,,,
2459921.4906061343,10.921532695030102,0.0102152727039728,,,,,,
2459921.4916665507,10.975178421464737,0.0140830544949443,,,,,,
2459921.4941825117,10.936620013750598,0.0138943299237534,,,,,,
2459921.506750081,10.923026454385791,0.017328684382227,,,,,,
2459921.50926375,10.890234915877173,0.0116948951172909,,,,,,
2459921.5102988887,10.897768440167876,0.0117126154117363,,,,,,
2459921.512817257,10.85372315425162,0.0116583273733319,,,,,,
2459921.513876169,10.896035250993412,0.0277472117841189,,,,,,
2459921.5163933914,10.847617392622135,0.0119111336622108,,,,,,
2459921.517451794,10.877354585381822,0.0146014656002084,,,,,,
2459921.5199713656,10.829432001572632,0.0129835650696064,,,,,,
2459921.5210417826,10.851739830483131,0.0159250403607868,,,,,,
2459921.523559676,10.839384313022478,0.0122748922432291,,,,,,
2459921.524606192,10.835164722026589,0.0149019866745036,,,,,,
2459921.527126227,10.832839898898818,0.0149206259690194,,,,,,
2459921.52820294,10.811908338724978,0.0214833702961217,,,,,,
2459921.530710498,10.81861435483304,0.0130639837047269,,,,,,
2459921.5317450115,10.823803217445828,0.0169507012932822,,,,,,
2459921.5342638427,10.827171799180752,0.0152239439920574,,,,,,
2459921.5353296413,10.790727918153522,0.0216360605319107,,,,,,
2459921.5378518403,10.804427632003655,0.018021937413309,,,,,,
2459921.54142809,10.77213671480455,0.0220129979737885,,,,,,
2459921.542489873,10.79241247430926,0.0175320175603565,,,,,,
2459921.5450161574,10.718777868828951,0.0132051010962328,,,,,,
2459921.54607434,10.768774928217104,0.0183917510058943,,,,,,
2459921.5485925,10.75155569472484,0.0144939617182634,,,,,,
2459921.5496496065,10.762041983665714,0.0180479903004039,,,,,,
2459921.5521699884,10.721577967735955,0.0143797906522119,,,,,,
2459921.5532257752,10.756628177786103,0.0132475640189678,,,,,,
2459921.5557568055,10.718594123383644,0.0122761139972595,,,,,,
2459921.558175868,10.690114526596314,0.0148384013963752,,,,,,
2459921.560687419,10.688180382455258,0.0127086974083557,,,,,,
2459921.5760019906,10.607396740848376,0.0124154117068296,,,,,,
2459921.578523009,10.635575776772562,0.0118588964390044,,,,,,
2459921.583150972,10.606641915864666,0.0112676919443518,,,,,,
2459921.5856642015,10.606592199184329,0.0150632875444191,,,,,,
2459921.5867245947,10.581610483076853,0.0093882370223804,,,,,,
2459921.59028875,10.586826813372769,0.0116586753541413,,,,,,
2459921.5938542476,10.591274788877143,0.0109726707214921,,,,,,
2459921.5974111343,10.547277528683075,0.0094214579198016,,,,,,
2459921.59992353,10.536307643092702,0.0126934154555931,,,,,,
2459921.6010027314,10.51968832742232,0.0102951696984137,,,,,,
2459921.60351147,10.536805656056607,0.0104686061559365,,,,,,
2459921.6045545256,10.565530282292176,0.0096004148725509,,,,,,
2459921.614784595,10.522844154704003,0.0079595992528255,,,,,,
2459921.61836125,10.493043863542042,0.0125080494462212,,,,,,
2459921.6219373494,10.51132924617722,0.0093137312712297,,,,,,
2459921.622983993,10.497816163128826,0.0133710158639284,,,,,,
2459921.6254906715,10.498139446559552,0.012815167467987,,,,,,
2459921.6290554167,10.470210988711168,0.0124704391415604,,,,,,
2459921.63012184,10.491453932081091,0.011961419493443,,,,,,
2459921.6326318057,10.511828384147526,0.0083298007266082,,,,,,
2459921.6336736805,10.50228089702606,0.0138535497259028,,,,,,
2459921.6361967013,10.509633470882456,0.012058324693482,,,,,,
2459921.6372572803,10.49798129747716,0.019933316190392,,,,,,
2459921.643337847,10.530358690281451,0.0179866761045712,,,,,,
2459921.647969375,10.495463700824132,0.0170484337140977,,,,,,
2459921.6505025346,10.500445204619025,0.0215417254428182,,,,,,
2459921.654113345,10.550863539216834,0.0078257679124493,,,,,,
2459921.657701273,10.529008586672798,0.0205393471521211,,,,,,
2459921.666134676,10.552928524101636,0.0228408246316478,,,,,,
2459921.6686710534,10.537147495606328,0.019452980829792,,,,,,
2459921.6697303704,10.51231990051228,0.0281952494635246,,,,,,
2459921.6733231945,10.542865013957492,0.0354535286558208,,,,,,
2459921.6768643633,10.472500170366567,0.0309220093463895,,,,,,
2459999.313913368,10.795529425109905,0.0070120656977874,,,,,,
2459999.315426169,10.81241140819676,0.0050697156409539,,,,,,
2459999.316965428,10.772570034150474,0.0067490446933967,,,,,,
2459999.3185351044,10.791196793213802,0.0052087706905828,,,,,,
2459999.32007081,10.789904757506484,0.0068683499562461,,,,,,
2459999.3215945372,10.763069767000548,0.0050364463217464,,,,,,
2459999.3246514816,10.75818912330859,0.0056700682167761,,,,,,
2459999.3261634144,10.77609897887596,0.0075792320377167,,,,,,
2459999.3276762036,10.756672330926875,0.0041333593802407,,,,,,
2459999.329197338,10.75913304151488,0.0062549377015307,,,,,,
2459999.330727257,10.73635182047001,0.004826222322968,,,,,,
2459999.332236875,10.73662151009184,0.0051863638445317,,,,,,
2459999.3337922916,10.743134553506389,0.0056432108672354,,,,,,
2459999.3353682407,10.736859751415624,0.0074400003423589,,,,,,
2459999.3369006715,10.713538497554795,0.0069054888037373,,,,,,
2459999.3384145717,10.752551348922289,0.0050290153792107,,,,,,
2459999.3399958797,10.73452961685888,0.0054609319025638,,,,,,
2459999.3415549537,10.705029201519068,0.0048935593571898,,,,,,
2459999.3430793635,10.698930063956052,0.0063637528718386,,,,,,
2459999.3446120485,10.718439095887897,0.0064505393575681,,,,,,
2459999.3461741437,10.683878722466217,0.0047754639271914,,,,,,
2459999.3477064585,10.696657356419326,0.0058771712473073,,,,,,
2459999.349227604,10.67733792404815,0.0066290558175531,,,,,,
2459999.350737801,10.687295781860051,0.0056710441859916,,,,,,
2459999.3535329397,10.66100459996674,0.003938301349709,,,,,,
2459999.355083715,10.657980844410153,0.0056119758410782,,,,,,
2460259.3627023725,11.116218982642476,0.0060124568776928,,,,,,
2460259.363741146,11.11104776612722,0.0075518010080013,,,,,,
2460259.365130602,11.089603412124251,0.0049600025451248,,,,,,
2460259.366486736,11.105084469227776,0.0095690214210634,,,,,,
2460259.3674828354,11.109441006776246,0.0076007893193698,,,,,,
2460259.3683923613,11.07709766115356,0.0077337009433407,,,,,,
2460259.371162604,11.087687803454042,0.0074531038432919,,,,,,
2460259.3435314237,10.906177819683156,0.0047890255575089,,,,,,
2460259.345211806,10.928275767924912,0.0052153048821993,,,,,,
2460259.347418368,10.971828542584918,0.0070373784334865,,,,,,
2460259.348942303,10.983378640511203,0.0070487256700447,,,,,,
2460259.350231435,11.014275550898915,0.0046875909887178,,,,,,
2460259.35128375,11.005260490739296,0.0049639599200589,,,,,,
2460259.3535363656,11.059469348896458,0.0046826470058953,,,,,,
2460259.3547573495,11.044742832575782,0.0045683171819738,,,,,,
2460259.355782118,11.050943844688303,0.0047274328310564,,,,,,
2460259.3596458333,11.086780549190609,0.00592998722294,,,,,,
2460259.3749048146,11.070944147805768,0.0062291799444419,,,,,,
2460259.3757296414,11.094418685017365,0.0085417629864876,,,,,,
2460259.3765461226,11.079393053666296,0.0071626312978763,,,,,,
2460259.377369734,11.089010358492027,0.0054987810201781,,,,,,
2460259.378194537,11.082682083502606,0.0048746481634816,,,,,,
2460259.379024641,11.069358041680031,0.0069172948061158,,,,,,
2460259.379839132,11.065634100570575,0.0055404914935258,,,,,,
2460259.380660162,11.095470405322454,0.0069548566518606,,,,,,
2460259.3814787962,11.09049046349464,0.006361224904564,,,,,,
2460259.382355,11.084231493808304,0.0049799545564374,,,,,,
2460259.3831748497,11.08984939862607,0.0073472851942315,,,,,,
2460259.383990278,11.08461281476428,0.0194855591956725,,,,,,
2460259.3857356017,11.081041319586893,0.0080675349910915,,,,,,
2460259.386564375,11.068598729557197,0.0074344767947343,,,,,,
2460259.387381308,11.097079058065486,0.0063519053295372,,,,,,
2460259.3881986574,11.088883420569683,0.0054622135860702,,,,,,
2460259.38908625,11.096067531316562,0.0064352597746151,,,,,,
2460259.389923704,11.07220342304908,0.0054743203423107,,,,,,
2460259.390740266,11.090990697513462,0.0067553017085954,,,,,,
2460259.3915556134,11.082267729595836,0.0104963654813625,,,,,,
2460259.3923629746,11.082419720188271,0.0086242792273652,,,,,,
2460259.3931612037,11.085853674226726,0.0070463826302807,,,,,,
2460259.3939808565,11.089536701430363,0.0083320074720365,,,,,,
2460259.394799167,11.118362304090262,0.010453079442385,,,,,,
2460259.395601551,11.10625288002488,0.0092513389919862,,,,,,
2460259.3964288775,11.11252629848014,0.0099574406906399,,,,,,
2460259.397236817,11.114386236973331,0.0085818988048867,,,,,,
2460259.3980362383,11.098976432230693,0.0091394555394613,,,,,,
2460259.398833125,11.076721895056725,0.0124464883906587,,,,,,
2460259.3996417825,10.989457579146505,0.0418795295353375,,,,,,
2460317.30431338,10.536191383562247,0.0042826435311663,,,,,,
2460317.3055320256,10.535007005027952,0.0062546435063136,,,,,,
2460317.30677537,10.541416004856703,0.0037470670448784,,,,,,
2460317.308008831,10.527195229308088,0.0041983784113188,,,,,,
2460317.3092401274,10.538283692393684,0.0046454973044391,,,,,,
2460317.3104685415,10.54803275865594,0.0053061573650975,,,,,,
2460317.311689618,10.543344456152996,0.0038765992750756,,,,,,
2460317.312908449,10.550009402486218,0.0037401548393359,,,,,,
2460317.314139583,10.559072949136551,0.0059091963222072,,,,,,
2460317.3218000345,10.56153945998647,0.0053220845411252,,,,,,
2460317.3230450577,10.574730456184383,0.0046670402100066,,,,,,
2460317.324298993,10.564239635139431,0.0051265350093494,,,,,,
2460317.325554595,10.577155782801146,0.0049020133447782,,,,,,
2460317.326808762,10.594579257506169,0.0054797463985304,,,,,,
2460317.3280604975,10.59594480440722,0.0057692768983291,,,,,,
2460317.3292994443,10.585376698477528,0.0061756837602477,,,,,,
2460317.333167604,10.610436294950096,0.0064500447495292,,,,,,
2460317.335716736,10.613278981689485,0.0080288736207176,,,,,,
2460317.3369340855,10.60695342203676,0.0084729561100396,,,,,,
2460328.3635434606,10.613636945495236,0.0053800572220091,,,,,,
2460328.3647317477,10.60118596452456,0.0052850220224969,,,,,,
2460328.3659569905,10.599541275519186,0.0044336795150397,,,,,,
2460328.367176713,10.580795360560405,0.004939930374456,,,,,,
2460328.36839037,10.599271941577172,0.0055917063871947,,,,,,
2460328.3696314236,10.578131575853662,0.0040565265189177,,,,,,
2460328.370871991,10.586967109545611,0.0041346583026523,,,,,,
2460328.3720931946,10.582144692635158,0.0056505016263993,,,,,,
2460328.373321632,10.561063918593106,0.0044531320723188,,,,,,
2460328.3745571645,10.571217557118924,0.0059196915190396,,,,,,
2460328.375802257,10.554739011247708,0.0074311325535536,,,,,,
2460328.3770256597,10.54961552495981,0.0046658353896572,,,,,,
2460328.380096088,10.537316141304576,0.0060223113902741,,,,,,
2460328.3812185763,10.54649404995309,0.0059371429675401,,,,,,
2460328.382362662,10.551849471929192,0.0047201821707308,,,,,,
2460328.383490613,10.548531344066856,0.0053455320752731,,,,,,
2460328.384629641,10.536492236952196,0.0055340690195407,,,,,,
2460328.385760243,10.550097814416366,0.0051517648707058,,,,,,
2460328.3960345024,10.526261143727844,0.0038297432852315,,,,,,
2460328.397552535,10.538894095922752,0.0049258689795975,,,,,,
2460328.3986792476,10.520909991086471,0.0071606144713012,,,,,,
2460328.399812743,10.541597968381629,0.0070856632525006,,,,,,
2460328.4009266202,10.53336443115666,0.0044332175798901,,,,,,
2460328.402064792,10.537481141567726,0.0058291987745428,,,,,,
2460328.405060602,10.550521028317812,0.0040582779204076,,,,,,
2460328.4079648843,10.538795414040534,0.0052961653225618,,,,,,
2460328.4108126503,10.54140609732418,0.0060168322990668,,,,,,
2460328.413902222,10.553183262401662,0.0060778948545491,,,,,,
2460328.4164701854,10.542230493747873,0.0056071332226331,,,,,,
2460328.4196355785,10.549060480387078,0.0048926713235134,,,,,,
2460328.422331065,10.545453292268762,0.0049954703703785,,,,,,
2460328.4253407987,10.549817788108443,0.0044371488552908,,,,,,
2460328.427948102,10.565341896159946,0.0052453780394949,,,,,,
2460328.4310016665,10.55677746083088,0.004845766360111,,,,,,
2460328.4343224885,10.567246304517672,0.0056029052768185,,,,,,
2460328.4371450115,10.580459319580529,0.0045887582524632,,,,,,
2460328.4397380324,10.593849103485816,0.0046075789999583,,,,,,
2460328.4430281366,10.588036378115753,0.004953481378393,,,,,,
2460328.4475446297,10.62188833623366,0.0048230703685529,,,,,,
2460328.4504383216,10.62949296359924,0.0051849704444769,,,,,,
2460328.4532595947,10.652853272864588,0.0058210011940639,,,,,,
2460328.456237986,10.660831292463936,0.005850348976634,,,,,,
2460328.4589098147,10.669929125427773,0.005516564879044,,,,,,
2460328.461504757,10.696177195970684,0.0047907049227077,,,,,,
2460328.4643035415,10.710380667931991,0.0069859855040723,,,,,,
2460328.467392535,10.76265486880134,0.0050893115262351,,,,,,
2460328.4697340974,10.770277790390598,0.0053545893409983,,,,,,
2460328.4725911804,10.818991658201448,0.0045139773614118,,,,,,
2460328.4757931596,10.861915089924524,0.0059300145178548,,,,,,
2460328.478491991,10.901189480660696,0.00677455211311,,,,,,
2460328.4814304397,10.931943802292754,0.0043560703351898,,,,,,
2460328.484286227,10.96277056106947,0.0050326211893596,,,,,,
2460328.4873283333,10.995276406529944,0.0042172558370056,,,,,,
2460328.4904096527,11.031740689433176,0.0037177923038978,,,,,,
2460328.4933010302,11.049371920840317,0.0045879168196213,,,,,,
2460328.496905463,11.052539092185272,0.0043972543399552,,,,,,
2459921.3485140395,,,9.30803434459184,0.0050730430262328,,,,
2459921.3520839354,,,9.31945115397656,0.0057852143672243,,,,
2459921.355657315,,,9.323523019400056,0.0055670050363267,,,,
2459921.359228692,,,9.33630928597678,0.005153780946791,,,,
2459921.3627871065,,,9.337817788932044,0.0051712562541057,,,,
2459921.36634162,,,9.35306053943789,0.0060792805476281,,,,
2459921.3699040045,,,9.361654774801355,0.0069620700975895,,,,
2459921.373458056,,,9.379633966493683,0.0090471075858718,,,,
2459921.377051505,,,9.394146920099548,0.0064790315157787,,,,
2459921.3806123957,,,9.429520023488188,0.0086377545606325,,,,
2459921.3841741434,,,9.458364096085216,0.0065503286549266,,,,
2459921.3877418516,,,9.489681079136512,0.0061855101388707,,,,
2459921.3913009143,,,9.522823860420283,0.0064513736466847,,,,
2459921.3964184606,,,9.577773207953715,0.0087666279860927,,,,
2459921.3999679745,,,9.62345401492492,0.0090973935597161,,,,
2459921.403529456,,,9.653430860344908,0.0094742556893898,,,,
2459921.4071051506,,,9.683194584572869,0.0090301058550617,,,,
2459921.410657535,,,9.706895624071514,0.005360830675266,,,,
2459921.4142795485,,,9.73821668941026,0.0074869078169428,,,,
2459921.4178701853,,,9.74997705330549,0.0070996519299015,,,,
2459921.4214719674,,,9.7287717304279,0.0116434816695417,,,,
2459921.4250354515,,,9.735853484810509,0.0085133459646685,,,,
2459921.428597581,,,9.737000758280892,0.0093340031354649,,,,
2459921.432173414,,,9.735519829719856,0.011015054464664,,,,
2459921.435744294,,,9.720950869448329,0.0106398538768712,,,,
2459921.439302199,,,9.739765320719451,0.012942079325343,,,,
2459921.447938264,,,9.730991164609776,0.0126203969937007,,,,
2459921.451513542,,,9.763959090510404,0.0119675609363409,,,,
2459921.455103808,,,9.733305928282077,0.0092826904507283,,,,
2459921.4586684145,,,9.758846776744893,0.0098614831958935,,,,
2459921.4622247224,,,9.739678775772733,0.0101540470980522,,,,
2459921.465762639,,,9.728400151022704,0.008239854947249,,,,
2459921.469336933,,,9.73108715259861,0.0127272834173677,,,,
2459921.472919051,,,9.709483550859504,0.0109466245351457,,,,
2459921.476478495,,,9.694865031826495,0.0102330990942838,,,,
2459921.480056632,,,9.70033105751989,0.0089269876921311,,,,
2459921.483626794,,,9.688781546715507,0.0069034583351127,,,,
2459921.487194618,,,9.669097022027334,0.0127867180321374,,,,
2459921.4907483216,,,9.659357687610669,0.0093448505392496,,,,
2459921.505825926,,,9.597430123910891,0.0134171096669435,,,,
2459921.50940691,,,9.612002296236865,0.0087620269966465,,,,
2459921.512962639,,,9.572430697483552,0.0118812033337401,,,,
2459921.516535486,,,9.538701902716005,0.0146021017240888,,,,
2459921.5201123725,,,9.54980267716295,0.0140609828261216,,,,
2459921.5237019677,,,9.54740699454273,0.0143647729546263,,,,
2459921.5272716205,,,9.559170289471812,0.0107564385570641,,,,
2459921.530850648,,,9.545226437222231,0.0089691751581499,,,,
2459921.534417801,,,9.51659193778712,0.0085847639198204,,,,
2459921.5379934493,,,9.490879936047389,0.0157051824564013,,,,
2459921.541572882,,,9.493941070528969,0.0144007411424671,,,,
2459921.545159919,,,9.495147858127511,0.0102889784175559,,,,
2459921.548739583,,,9.493401430821956,0.0099721782357262,,,,
2459921.5523171294,,,9.452330142100768,0.009286206227102,,,,
2459999.314091493,,,9.515045433443296,0.0049298467526932,,,,
2459999.3156308914,,,9.50998286882438,0.0051760308922119,,,,
2459999.317171829,,,9.504689686707785,0.0038763838105994,,,,
2459999.318744028,,,9.494590906662214,0.0042836912051066,,,,
2459999.32026853,,,9.51187842221212,0.0033380783642868,,,,
2459999.321791794,,,9.504645859931374,0.004876768881853,,,,
2459999.323336852,,,9.487094574817029,0.004807227595975,,,,
2459999.3248457755,,,9.491811631643897,0.00427715945035,,,,
2459999.32635809,,,9.486608137230748,0.0043040496136795,,,,
2459999.327871979,,,9.480112943311129,0.0047538513773235,,,,
2459999.3293927778,,,9.48382364613557,0.0038897338932584,,,,
2459999.3309237617,,,9.46246472890335,0.0039643799937848,,,,
2459999.332431574,,,9.462340665773096,0.0046337316945591,,,,
2459999.334009155,,,9.460285292717426,0.0065600551178954,,,,
2459999.3355640164,,,9.455095796160007,0.0052222094303233,,,,
2459999.3370940275,,,9.460990433937674,0.0046211338250967,,,,
2459999.338640139,,,9.438567029170176,0.0078741110473067,,,,
2459999.340212234,,,9.443479841634394,0.0059717078914666,,,,
2459999.341750058,,,9.430901626669534,0.0048188613947516,,,,
2459999.343303808,,,9.436733941810056,0.0052487044601065,,,,
2459999.344836447,,,9.42046238139434,0.0055954839523389,,,,
2459999.346390949,,,9.41411648157812,0.0044966619849351,,,,
2459999.3478990393,,,9.42331596100192,0.0058252794970223,,,,
2459999.34942287,,,9.4091336718087,0.0049462162269257,,,,
2459999.350932257,,,9.40901621137466,0.00436004614221,,,,
2459999.3537315396,,,9.407641635104964,0.0050705348596176,,,,
2460259.3628372336,,,9.764471613283115,0.0047668240838618,,,,
2460259.363867338,,,9.742142230770533,0.0044978690585541,,,,
2460259.3652636344,,,9.74945937194236,0.004369832029196,,,,
2460259.3666158332,,,9.755115812876582,0.0064565161335355,,,,
2460259.367609398,,,9.74331290816352,0.0057458694667689,,,,
2460259.3685204284,,,9.745181115590531,0.0044481133064462,,,,
2460259.3712896644,,,9.740382933777257,0.005011933005975,,,,
2460259.3436898957,,,9.577961380458948,0.0054600796636505,,,,
2460259.34536162,,,9.608886878460156,0.0038619295085578,,,,
2460259.3475706596,,,9.616678032789276,0.0038494999046834,,,,
2460259.3503855206,,,9.66693426620716,0.0039709178582262,,,,
2460259.351437257,,,9.669038195309009,0.0053123304905759,,,,
2460259.3536846414,,,9.696168716345472,0.0033834939137122,,,,
2460259.3549128934,,,9.70696110944041,0.0038400290147303,,,,
2460259.3559307987,,,9.711365856962573,0.003977786243016,,,,
2460259.359800324,,,9.735271207982684,0.0039763162506079,,,,
2460259.375038368,,,9.739557519356564,0.0061751932501679,,,,
2460259.375854699,,,9.733531604110627,0.0073661808478165,,,,
2460259.3766734377,,,9.73610716423266,0.0052585262927263,,,,
2460259.3783227894,,,9.74436195456218,0.005051564119133,,,,
2460259.3791524423,,,9.733156402170296,0.0083614605693856,,,,
2460259.379973993,,,9.75283675044263,0.00555750238883,,,,
2460259.3807856943,,,9.739917116300534,0.0059407627894417,,,,
2460259.3816437614,,,9.730001644403677,0.0047202220005654,,,,
2460259.3824814237,,,9.738560746054157,0.0057370353960828,,,,
2460259.383302014,,,9.74766120689362,0.0057978136696939,,,,
2460259.3841160997,,,9.74713931091393,0.0062328513381322,,,,
2460259.385863773,,,9.735902041965264,0.006050602806975,,,,
2460259.38669,,,9.754307908455427,0.0057700638568248,,,,
2460259.387508368,,,9.74957983612035,0.0057907116465311,,,,
2460259.3883232637,,,9.755611647203049,0.0067864187236868,,,,
2460259.389218866,,,9.75061889883138,0.0044996327693984,,,,
2460259.390051493,,,9.749024036662284,0.0059156277191621,,,,
2460259.391684838,,,9.751629015275626,0.0088807831465891,,,,
2460259.392489259,,,9.757595335173846,0.0083065871461216,,,,
2460259.3932876275,,,9.739546158637758,0.0050574406081317,,,,
2460259.3941117823,,,9.761163268833451,0.006834316824668,,,,
2460259.3949261573,,,9.760376886642222,0.0073987257289469,,,,
2460259.3957254863,,,9.750926044142608,0.0073690206239764,,,,
2460259.396552234,,,9.743806337459969,0.0067614267456038,,,,
2460259.397361678,,,9.749762672947764,0.0059769482040655,,,,
2460259.3981613773,,,9.7440222388272,0.0063717836138105,,,,
2460317.3022366203,,,9.281633597020404,0.0038329496702232,,,,
2460317.3044774537,,,9.292849468478405,0.0040433868610683,,,,
2460317.3057029746,,,9.287560596993176,0.0036797498652336,,,,
2460317.306946111,,,9.286603468109297,0.0037860578457732,,,,
2460317.308174896,,,9.299948932406604,0.0037103156404289,,,,
2460317.3094154513,,,9.299899991396977,0.004072594606521,,,,
2460317.310631713,,,9.300892619322914,0.0038970253169748,,,,
2460317.311856065,,,9.302748369032653,0.0039175066418876,,,,
2460317.3130725347,,,9.29623807077794,0.0038545347220526,,,,
2460317.31430669,,,9.307978959671924,0.0042525365075365,,,,
2460317.3219657755,,,9.312476869022214,0.003320819470295,,,,
2460317.323211447,,,9.31361898670804,0.0038996723350909,,,,
2460317.3244688543,,,9.319464118717809,0.0040863632331,,,,
2460317.32572125,,,9.320824220755082,0.0044528813459784,,,,
2460317.329470718,,,9.330290669144311,0.0046688824426816,,,,
2460317.33335375,,,9.338850500829473,0.0058889048799285,,,,
2460317.3358782637,,,9.344187445981424,0.0045379438961218,,,,
2460328.363672338,,,9.348527794102688,0.0038323468099237,,,,
2460328.3648922686,,,9.349134386244952,0.0039954044119809,,,,
2460328.366118912,,,9.351456360217874,0.0034568413860644,,,,
2460328.3673378127,,,9.34678111470874,0.0044383023517194,,,,
2460328.368548588,,,9.34593153915754,0.0040123501150926,,,,
2460328.369790278,,,9.33436282584704,0.0040087623584249,,,,
2460328.371040266,,,9.333831210018978,0.0045306465038879,,,,
2460328.372256597,,,9.320650260045756,0.0045344596915853,,,,
2460328.37348331,,,9.32150384464603,0.0040452271839279,,,,
2460328.3747431366,,,9.316895857499391,0.0038006276731505,,,,
2460328.3759635994,,,9.324382143264009,0.0045669391913718,,,,
2460328.377186528,,,9.313195814945097,0.0032709397724753,,,,
2460328.380228368,,,9.308825775070442,0.0048230062559631,,,,
2460328.3813621528,,,9.311478324588489,0.0036753724094476,,,,
2460328.382504317,,,9.305399040558576,0.0040546765361235,,,,
2460328.3836296643,,,9.302181109214036,0.0038032897555217,,,,
2460328.3847572105,,,9.304651839392635,0.0039185203037984,,,,
2460328.385887419,,,9.298874140107978,0.0041717883155538,,,,
2460328.3976847916,,,9.286935750618245,0.0044510357865421,,,,
2460328.3988060765,,,9.293134285125111,0.0036098164836093,,,,
2460328.399940162,,,9.285021795408774,0.0046205423128169,,,,
2460328.4010540163,,,9.288251700683064,0.0041337539961767,,,,
2460328.402745058,,,9.281282271855826,0.0040340870206364,,,,
2460328.405888206,,,9.29516636377244,0.0046119985692446,,,,
2460328.4088275116,,,9.294462722688133,0.0037132108660783,,,,
2460328.411655,,,9.298460245252317,0.0047749172896598,,,,
2460328.4144646064,,,9.297404482692984,0.0039726023356062,,,,
2460328.4175285534,,,9.310459865188664,0.0047613461839101,,,,
2460328.420386597,,,9.310024153571076,0.0044671971108258,,,,
2460328.423128634,,,9.297358007728851,0.0047651937534067,,,,
2460328.4259420373,,,9.321732253900812,0.0048975973685286,,,,
2460328.4290311458,,,9.315104196219016,0.0032318248387556,,,,
2460328.43179625,,,9.31912396843662,0.00423563369409,,,,
2460328.4351075348,,,9.31821510049921,0.0041695339425235,,,,
2460328.437886875,,,9.33592351856024,0.0043839569561247,,,,
2460328.440482917,,,9.332796674992288,0.0043945003204747,,,,
2460328.4453133796,,,9.34740181220398,0.0046836169173492,,,,
2460328.4482712154,,,9.363244420001587,0.004217060554996,,,,
2460328.45098706,,,9.359014064944244,0.0043368136466072,,,,
2460328.4538236572,,,9.372135575544023,0.0041963393362466,,,,
2460328.4568642476,,,9.39574450571517,0.0046069087871097,,,,
2460328.4595296066,,,9.411660184168689,0.0074268031217239,,,,
2460328.462266053,,,9.433079013919642,0.0048245323256843,,,,
2460328.465050648,,,9.449653763479745,0.0040685067206031,,,,
2460328.467955463,,,9.465731834435909,0.0041782188548217,,,,
2460328.470432477,,,9.484748057183932,0.0035102312087032,,,,
2460328.4734676275,,,9.527511545837214,0.0039235275347821,,,,
2460328.4765181364,,,9.563241675225978,0.0035303916122369,,,,
2460328.4790152777,,,9.591323171056908,0.0039911390116986,,,,
2460328.482144942,,,9.61624127746595,0.0043709170296104,,,,
2460328.4852246875,,,9.65526379196165,0.0060162480121866,,,,
2460328.488256875,,,9.671818709072332,0.0047171972032042,,,,
2460328.490989051,,,9.694626590450223,0.0033711551887466,,,,
2460328.493685081,,,9.71704501958966,0.0115857532847716,,,,
2460328.4974044096,,,9.714296566900009,0.0037255038947829,,,,
2459921.348817986,,,,,9.473268947318978,0.0057665581362565,,
2459921.3523808448,,,,,9.494003676334312,0.005690566438079,,
2459921.355957801,,,,,9.51129018272773,0.0095959910287448,,
2459921.3595328587,,,,,9.509445617130115,0.0051401620030005,,
2459921.3630882176,,,,,9.516675225150284,0.0044702302089405,,
2459921.366648588,,,,,9.540706491391033,0.0064868524508741,,
2459921.3702016897,,,,,9.557839153973834,0.0062901819302532,,
2459921.3737614467,,,,,9.569771287012031,0.005046608063551,,
2459921.377345822,,,,,9.601842524612191,0.0082567995950994,,
2459921.3809105786,,,,,9.645066848280212,0.0059906475586725,,
2459921.384470382,,,,,9.66066742463162,0.0054312373768738,,
2459921.388038241,,,,,9.696597858733911,0.0050796978428073,,
2459921.3916046643,,,,,9.757652261064909,0.0046489731542617,,
2459921.3967168867,,,,,9.836369309584722,0.0098295411130474,,
2459921.4002647568,,,,,9.888418091507967,0.0071207056024958,,
2459921.403833773,,,,,9.926485253708847,0.0122940163240113,,
2459921.4074014584,,,,,9.955399530105156,0.0109778147400888,,
2459921.4109645947,,,,,10.008744776726315,0.0080813762558997,,
2459921.4145941087,,,,,10.010915373147892,0.0090355586137774,,
2459921.4181915973,,,,,10.021028177707343,0.0118564295610812,,
2459921.4217782407,,,,,10.009245501354194,0.0125411619129365,,
2459921.425337882,,,,,10.021507804801391,0.0085575824618505,,
2459921.428893634,,,,,9.986798108914948,0.0084548355245389,,
2459921.4324765047,,,,,9.99395858196376,0.0123928551702562,,
2459921.4360388196,,,,,10.003793818600071,0.0075050585042314,,
2459921.43960162,,,,,10.01789008813641,0.0100642682014424,,
2459921.4431971414,,,,,10.007161071870447,0.0138018802618986,,
2459921.44824044,,,,,10.032278127169024,0.0138049015734603,,
2459921.4518224653,,,,,10.04354787494364,0.0172142452632222,,
2459921.455405162,,,,,10.028108641032558,0.0086231792852436,,
2459921.458965521,,,,,10.013496684518708,0.0075857478884384,,
2459921.4625173956,,,,,10.026997366713646,0.0095007219695989,,
2459921.4660711573,,,,,10.012113234433702,0.0122061829572273,,
2459921.469633681,,,,,9.998639139839874,0.0174119804946303,,
2459921.473212222,,,,,9.970860500016776,0.0159274109816591,,
2459921.4767718865,,,,,9.962835309890822,0.0122144585661245,,
2459921.480367234,,,,,9.94478392703132,0.0078616419556465,,
2459921.483937789,,,,,9.9496613431102,0.0087074944855376,,
2459921.487488912,,,,,9.933838037803946,0.0162003880750655,,
2459921.491054977,,,,,9.895834626594212,0.0073612880105531,,
2459921.506088252,,,,,9.851299833125754,0.0140189589119781,,
2459921.5097023146,,,,,9.831007260871976,0.009993520428373,,
2459921.5132621066,,,,,9.80789723586813,0.0114109227799185,,
2459921.516830868,,,,,9.790919398815433,0.0082703805163419,,
2459921.5204115277,,,,,9.8040968481999,0.0137306460675617,,
2459921.523994919,,,,,9.77307077263049,0.0167352665444907,,
2459921.5275748842,,,,,9.78512598668567,0.0112130833413963,,
2459921.5311487154,,,,,9.727309005714597,0.0162413143018689,,
2459921.5347172106,,,,,9.72203256222903,0.0155891856977444,,
2459921.538289317,,,,,9.72344782663421,0.0078368869960604,,
2459921.541873079,,,,,9.729269472299237,0.0112761557513056,,
2459921.545456227,,,,,9.696813682796044,0.01198678579842,,
2459921.5490340623,,,,,9.683493129292494,0.0126704222399128,,
2459921.552622037,,,,,9.680131381251076,0.0096859835877155,,
2459921.582550926,,,,,9.557786781126502,0.0121201514632445,,
2459921.615221285,,,,,9.4271268652463,0.0074923184986716,,
2459999.314538866,,,,,9.73367891996,0.0047622542517461,,
2459999.3160743983,,,,,9.72375884481681,0.0073666317832535,,
2459999.317610185,,,,,9.724742863116226,0.0040574243363115,,
2459999.319175729,,,,,9.74250503101971,0.0043182551736827,,
2459999.320697697,,,,,9.726594602443951,0.0065572721746693,,
2459999.3222268866,,,,,9.717229149862805,0.0043194348267107,,
2459999.323766516,,,,,9.70640464928836,0.0044484641928897,,
2459999.3252733797,,,,,9.697668799891282,0.0037562870461895,,
2459999.3267893633,,,,,9.688154073304332,0.0067027720049516,,
2459999.328305,,,,,9.69585543892171,0.0051691607498984,,
2459999.3298252895,,,,,9.68431193905323,0.0052579753103609,,
2459999.33135103,,,,,9.673106235589078,0.0044835839620086,,
2459999.332885116,,,,,9.647293956999851,0.005068525662421,,
2459999.3344598613,,,,,9.676717471688685,0.004072348837227,,
2459999.336016146,,,,,9.647529842515132,0.0052123733541795,,
2459999.337528449,,,,,9.657390727853636,0.0070275010886177,,
2459999.3390816897,,,,,9.654987224271474,0.0063823449735165,,
2459999.3406637963,,,,,9.649569604341284,0.0065527194450201,,
2459999.34219081,,,,,9.63816467425082,0.0058188597021359,,
2459999.34373228,,,,,9.624752227732229,0.0055300273704154,,
2459999.3452634374,,,,,9.639711048649293,0.0055937896588522,,
2459999.3468293054,,,,,9.631905233368467,0.0051996224864157,,
2459999.348325544,,,,,9.61613721584652,0.0065490949786525,,
2459999.349851308,,,,,9.604869332958332,0.0073862379645628,,
2459999.351358623,,,,,9.595393911165347,0.0037935053324788,,
2459999.354167014,,,,,9.586721795448216,0.005926583061871,,
2460259.3630646295,,,,,10.036091408926408,0.0047212753426106,,
2460259.3655001274,,,,,10.042212720848074,0.0058635510267603,,
2460259.367835,,,,,10.03214733122462,0.0045759888370919,,
2460259.3687476735,,,,,10.05136059452219,0.005301661322968,,
2460259.371520984,,,,,10.0197045784764,0.0057929732361759,,
2460259.3439568635,,,,,9.837839454229734,0.0052698309299586,,
2460259.345632292,,,,,9.86173997187063,0.0052852565103654,,
2460259.347843368,,,,,9.887936017652946,0.0076673667465501,,
2460259.349354375,,,,,9.919478408538918,0.0041008012455899,,
2460259.3506591553,,,,,9.943220749928416,0.0065644352456815,,
2460259.3517099307,,,,,9.955352178345771,0.0053048967327082,,
2460259.3539511575,,,,,9.976896435338396,0.0054815439392475,,
2460259.3551778123,,,,,9.986834785691643,0.0034442037298036,,
2460259.356199294,,,,,9.998937255980712,0.0046414903097535,,
2460259.360075718,,,,,10.009659195805185,0.0044146368796239,,
2460259.3752679746,,,,,10.027417451504537,0.0039541262321669,,
2460259.3760821875,,,,,10.01376292419554,0.0055017780974328,,
2460259.376900787,,,,,10.023705669677751,0.0078885473955594,,
2460259.3777228706,,,,,10.027146770250486,0.0071376376351372,,
2460259.378562442,,,,,10.022259305157878,0.0072683698891658,,
2460259.379380463,,,,,10.019516338789115,0.0048468121926627,,
2460259.380208912,,,,,10.026151616946397,0.0055697760217031,,
2460259.381012442,,,,,10.013942153601638,0.0052292282043488,,
2460259.3819037154,,,,,10.041109101899856,0.005346727891827,,
2460259.3827253007,,,,,10.023312020301168,0.0083082575766629,,
2460259.383538391,,,,,10.033142547013613,0.004650484002501,,
2460259.3852586113,,,,,10.021149087085105,0.0059637344278422,,
2460259.386091655,,,,,10.026413900186972,0.0044846272224687,,
2460259.386920567,,,,,10.03563773688861,0.0043367300080437,,
2460259.387742037,,,,,10.037717143329644,0.0064067134865537,,
2460259.3885576967,,,,,10.03184046095518,0.0053393998415139,,
2460259.3894464006,,,,,10.05108720548055,0.0037161794829458,,
2460259.3902768404,,,,,10.03730196978496,0.0068400180304366,,
2460259.3910947107,,,,,10.040232102871334,0.0057919331003118,,
2460259.3919138773,,,,,10.030871012770923,0.004876375135816,,
2460259.392715671,,,,,10.054359598319566,0.005754488868932,,
2460259.3935187617,,,,,10.052701580759894,0.0061061379120079,,
2460259.394340255,,,,,10.036076797794962,0.0077788711519491,,
2460259.3951509953,,,,,10.044984116111518,0.0066394974086412,,
2460259.395952245,,,,,10.051444646714325,0.0078206708587346,,
2460259.3967756713,,,,,10.03594093642153,0.0077376405664324,,
2460259.3975874307,,,,,10.038608665621377,0.0051579134731391,,
2460259.39838397,,,,,10.040001853394216,0.0127213314457186,,
2460259.399181794,,,,,10.047406205369905,0.0087219364579696,,
2460317.3026118865,,,,,9.462360412809598,0.0043960868459609,,
2460317.3048476735,,,,,9.457395621933763,0.0030385525696528,,
2460317.3060796526,,,,,9.464859454627778,0.0034187814535598,,
2460317.3073163773,,,,,9.47055164721414,0.0038329633745882,,
2460317.3085435764,,,,,9.471187166147292,0.0045628608678399,,
2460317.3097848147,,,,,9.47240258787653,0.0037540477511281,,
2460317.3110077544,,,,,9.4736681759544,0.0033527594814797,,
2460317.312225405,,,,,9.469950961414437,0.0048947308176927,,
2460317.3134411573,,,,,9.473363785109225,0.0040468977815572,,
2460317.314675139,,,,,9.48251440716479,0.0031697657845289,,
2460317.3223469793,,,,,9.494717258462908,0.0038104860304347,,
2460317.3261020835,,,,,9.504430074016096,0.0053756171871,,
2460317.3273525927,,,,,9.505033978011536,0.0038604975758478,,
2460317.3285977663,,,,,9.515069095927505,0.0043229472084452,,
2460317.329847072,,,,,9.51165204819448,0.0042901645663369,,
2460317.3324400117,,,,,9.531820709125348,0.0037595848230646,,
2460317.3337463657,,,,,9.52867163276396,0.0052256539804415,,
2460317.335005104,,,,,9.536544923064548,0.0055609688443312,,
2460317.3362485184,,,,,9.543939655029725,0.0061300984076416,,
2460317.3374660416,,,,,9.519568626854833,0.0076538344991531,,
2460328.364040787,,,,,9.529900424232236,0.0057798805331825,,
2460328.3652675,,,,,9.527083232717992,0.0041455852737823,,
2460328.366485093,,,,,9.524014924040603,0.0036532133252945,,
2460328.3677033335,,,,,9.51661283262316,0.0049704948420925,,
2460328.3689264352,,,,,9.515234863953198,0.0055453717571258,,
2460328.3701546295,,,,,9.508496160264842,0.0060598065545138,,
2460328.3713961807,,,,,9.509185998298465,0.0061807325448811,,
2460328.3726307293,,,,,9.50087135095059,0.0039419670470891,,
2460328.373850903,,,,,9.498361769806507,0.0047888326932039,,
2460328.375111516,,,,,9.489839173747155,0.0047856162342885,,
2460328.376332616,,,,,9.503183848827618,0.0056784635062103,,
2460328.377550984,,,,,9.496014169590516,0.0039701687959605,,
2460328.380570081,,,,,9.470830111054212,0.0041651052181014,,
2460328.381697685,,,,,9.479418754638017,0.0042152386774505,,
2460328.38284022,,,,,9.470016655579425,0.0039721651698586,,
2460328.3839651155,,,,,9.468101228719082,0.0047834168485228,,
2460328.3851018287,,,,,9.47078852099772,0.0034041748613709,,
2460328.398030648,,,,,9.45309842191938,0.0039340047905749,,
2460328.399139896,,,,,9.45492144943559,0.0040906965216263,,
2460328.400278507,,,,,9.450049202010833,0.005030741573486,,
2460328.4014039584,,,,,9.465236673431448,0.0030348328434204,,
2460328.40391728,,,,,9.465258061709282,0.0038668194325949,,
2460328.4068857753,,,,,9.45749241619336,0.0047124886447906,,
2460328.4096136345,,,,,9.467508152813124,0.0041947030225441,,
2460328.4124731715,,,,,9.46158898796305,0.0036014953877171,,
2460328.4153050114,,,,,9.47043125049568,0.0040442342282857,,
2460328.4184934143,,,,,9.475960270751637,0.0037647735543489,,
2460328.42110772,,,,,9.46709339159141,0.0033453517012482,,
2460328.42406206,,,,,9.48970124141111,0.0053243766631512,,
2460328.426867882,,,,,9.488807192404552,0.0035177584912782,,
2460328.429889595,,,,,9.49404626922785,0.0046719399729217,,
2460328.4328176966,,,,,9.491745824081226,0.0039263246682472,,
2460328.435895833,,,,,9.510676634621468,0.0036467775622714,,
2460328.4386117826,,,,,9.513127465523928,0.0041743285783415,,
2460328.441502604,,,,,9.521826073022403,0.0045338227555761,,
2460328.4463372454,,,,,9.543265925089193,0.0041557707533087,,
2460328.449263669,,,,,9.564837646275784,0.0052347534139949,,
2460328.4519872684,,,,,9.564634591037482,0.0043747762518724,,
2460328.4549958217,,,,,9.578264588372184,0.0048366524958533,,
2460328.457678183,,,,,9.60833979983729,0.0043392660884432,,
2460328.460398669,,,,,9.628035824100095,0.0037700525297882,,
2460328.4630685183,,,,,9.640580322715865,0.004734139406355,,
2460328.466132153,,,,,9.674635792819943,0.0065399990105383,,
2460328.4686628473,,,,,9.704921247472935,0.0049050709514345,,
2460328.471234468,,,,,9.740430088915051,0.0045538459777922,,
2460328.4745456134,,,,,9.776611349824464,0.0048801651059517,,
2460328.477365891,,,,,9.81211018319083,0.0036863163592769,,
2460328.4802197684,,,,,9.867451410785415,0.0041428586312077,,
2460328.4831255325,,,,,9.89430158490762,0.0045745406574708,,
2460328.486050359,,,,,9.943786161545026,0.0037204594879079,,
2460328.48907566,,,,,9.95600928097529,0.0040840433452516,,
2460328.492191632,,,,,9.986481626696516,0.0046567089099853,,
2460328.4955834607,,,,,9.997371349006006,0.0050801135424587,,
2460328.500477697,,,,,10.00342181549607,0.0036887700221641,,
2459921.3491245257,,,,,,,9.4219576839802,0.0067877170237391
2459921.3526762845,,,,,,,9.434467904187471,0.0076994041547303
2459921.3562540044,,,,,,,9.43420977316287,0.0069472080312257
2459921.3598277085,,,,,,,9.46128331568983,0.005871642952373
2459921.363393426,,,,,,,9.473928605280244,0.0102410536022005
2459921.366944294,,,,,,,9.492752977062525,0.0075591364853332
2459921.3705017245,,,,,,,9.499777195438137,0.0069415215161524
2459921.374061713,,,,,,,9.534870339615985,0.011069748957261
2459921.3776417016,,,,,,,9.548098807421052,0.0098641505509715
2459921.3812043983,,,,,,,9.586415158697465,0.0079939517844332
2459921.384767743,,,,,,,9.65599647834004,0.0088669203829787
2459921.388334317,,,,,,,9.694664829512158,0.0111113306272622
2459921.3919033566,,,,,,,9.749644909930083,0.009121684800576
2459921.3970162733,,,,,,,9.829092866582169,0.0104731068056371
2459921.4005659143,,,,,,,9.895537766925491,0.0120961773753387
2459921.404130012,,,,,,,9.944953130190704,0.0113158028308288
2459921.407703646,,,,,,,10.020986703839585,0.0113833896075113
2459921.41132044,,,,,,,10.01756604228036,0.0158354063618944
2459921.4148945487,,,,,,,10.067337339346212,0.0192672393089346
2459921.418490903,,,,,,,10.065860479940325,0.0072141837576745
2459921.422073125,,,,,,,10.065429986675948,0.023559350122095
2459921.425638692,,,,,,,10.020103334445237,0.0187355435068075
2459921.429194051,,,,,,,10.023202758183537,0.0118522071426691
2459921.432771759,,,,,,,10.03181967702565,0.0172637017426645
2459921.436331609,,,,,,,10.053869515089213,0.0202358769010714
2459921.439896493,,,,,,,10.047150111909978,0.0118265789096013
2459921.443492847,,,,,,,10.044898204803928,0.0164426922848789
2459921.4485406135,,,,,,,10.026650322825612,0.0187844608008736
2459921.452122604,,,,,,,10.05871142244754,0.0159774285850632
2459921.455708229,,,,,,,10.039020607049524,0.0168604424525906
2459921.459258646,,,,,,,10.050188925927284,0.0095560334297434
2459921.4628120256,,,,,,,10.018109785688656,0.0174332011517886
2459921.4663650463,,,,,,,10.029663536401667,0.0136694673212875
2459921.4699342246,,,,,,,10.019132887034484,0.0139175329026343
2459921.4735160996,,,,,,,10.013264469777123,0.0141169608368543
2459921.4770728126,,,,,,,10.000133639981428,0.0148855407991638
2459921.4806611803,,,,,,,9.958315090455011,0.013542166210603
2459921.484230625,,,,,,,9.934473749264608,0.0092457011617244
2459921.4877834143,,,,,,,9.92323582171343,0.0102287522035979
2459921.4913516897,,,,,,,9.88615143290821,0.0193850183809975
2459921.5064269677,,,,,,,9.830640708902775,0.0148930056830381
2459921.5100002084,,,,,,,9.825187797187102,0.018072225003833
2459921.5135606597,,,,,,,9.80426992079414,0.0132897540732394
2459921.517124213,,,,,,,9.753031195440151,0.0213869797129606
2459921.5207189354,,,,,,,9.766551322700712,0.0141569638563486
2459921.5242912965,,,,,,,9.775596566431403,0.0130121510277828
2459921.5278891204,,,,,,,9.789747704521757,0.0221375035804462
2459921.5314428243,,,,,,,9.760790765057022,0.0217592580971295
2459921.535021389,,,,,,,9.714763171037262,0.0138402141167533
2459921.5385947456,,,,,,,9.737104222172787,0.0261636110489422
2459921.5421721064,,,,,,,9.666738812320643,0.0146589586242498
2459921.54574934,,,,,,,9.665141918340076,0.0133335923912085
2459921.5493256943,,,,,,,9.642868505918878,0.0142493645115905
2459921.552917708,,,,,,,9.64102094047133,0.0112925256803246
2459921.622679549,,,,,,,9.362578744844184,0.0102785190137451
2459968.375756088,,,,,,,10.049586203530394,0.0066136487361536
2459968.3773044674,,,,,,,10.045606291277297,0.0057108999512317
2459968.378825301,,,,,,,10.031806045403409,0.0072775812124517
2459968.3803527895,,,,,,,10.024365064581067,0.0034339854490013
2459968.3819173495,,,,,,,10.015842285717165,0.0042746876795661
2459968.3834432987,,,,,,,10.0208668512711,0.0064579394009276
2459968.384958727,,,,,,,9.998505876448618,0.0053270552321494
2459968.3864744096,,,,,,,9.999628350825413,0.0050217642020797
2459968.3895638427,,,,,,,9.987010908435437,0.0067690978002581
2459968.3910929975,,,,,,,9.976741405084685,0.004157040023247
2459968.392618287,,,,,,,9.964356539415734,0.0048653643207296
2459968.394133241,,,,,,,9.959888326193854,0.00788809475958
2459968.395652257,,,,,,,9.958592003531107,0.0050953089690508
2459968.3971848725,,,,,,,9.95237335956176,0.0101882735202401
2459968.3987225,,,,,,,9.94479804636162,0.0058312667694067
2459968.400253414,,,,,,,9.935870164713778,0.0043087620118179
2459968.401776528,,,,,,,9.932401443731724,0.0039200467361556
2459968.403281667,,,,,,,9.909485413281198,0.0067625151818698
2459968.4048152776,,,,,,,9.901383440608615,0.0071312127355823
2459968.4063362963,,,,,,,9.90285846592552,0.0068164734391944
2459968.407855023,,,,,,,9.902637881746369,0.0078956025330015
2459968.4093828704,,,,,,,9.88951560948956,0.0103186941192489
2459968.4109002547,,,,,,,9.881365072279902,0.0062500762761654
2459968.4124432406,,,,,,,9.863440934937811,0.0048375871869581
2459968.448636424,,,,,,,9.717105805844424,0.0051555168273944
2459968.451696331,,,,,,,9.699887358887391,0.005533939070997
2459968.453210463,,,,,,,9.703968284815312,0.0065675026140987
2459968.4547328358,,,,,,,9.683061725887974,0.0096157299039191
2459968.456289641,,,,,,,9.683436932207211,0.0079078209504281
2459968.4578596875,,,,,,,9.666797708452547,0.006930929866957
2459968.4593872684,,,,,,,9.685478104674017,0.0061792268250356
2459968.4623995256,,,,,,,9.641193224689385,0.0065214867341554
2459968.4639941896,,,,,,,9.647374832265438,0.0071954195067345
2459968.46550956,,,,,,,9.646613994488748,0.0062730455615405
2459968.4685567594,,,,,,,9.64523988696716,0.0053134299877601
2459968.4731547683,,,,,,,9.596602636677558,0.0060432697005362
2459968.474678808,,,,,,,9.60597058450438,0.0101780986398007
2459968.476191146,,,,,,,9.607262920956448,0.0051095551161201
2459968.47772228,,,,,,,9.59831675606572,0.0073020427198561
2459968.479274734,,,,,,,9.572707410682346,0.008247188166483
2459968.480803831,,,,,,,9.570577029614856,0.007424467785005
2459968.4838502314,,,,,,,9.57100695321815,0.0040463207187365
2459968.4853957174,,,,,,,9.563597984797546,0.0047436052072263
2459968.4869197914,,,,,,,9.545455217551211,0.0051030517062272
2459968.4884445486,,,,,,,9.551010980301426,0.0054622708468906
2459968.4899703474,,,,,,,9.51346438838428,0.0123904317427786
2459968.49149184,,,,,,,9.522821820010314,0.0090790267832979
2459968.4930194793,,,,,,,9.506660570846472,0.0058188348880078
2459968.494557118,,,,,,,9.50905830417167,0.0048468615082421
2459968.4960992476,,,,,,,9.499081126799952,0.0046110407193389
2459968.4976247917,,,,,,,9.496203051286477,0.0070305327066966
2459968.4991501737,,,,,,,9.477996009329331,0.0071074058500365
2459968.500677535,,,,,,,9.475644116347452,0.0073950052706103
2459968.502206632,,,,,,,9.47675473709796,0.0081669895197925
2459968.281262199,,,,,,,9.500647680213405,0.0052722171899708
2459968.28341772,,,,,,,9.507141822572402,0.0044390436236265
2459968.2855860186,,,,,,,9.522070926715108,0.003431780681195
2459968.2877282407,,,,,,,9.539278311721604,0.0026668598487015
2459968.2897234955,,,,,,,9.555447808510063,0.0034531242461479
2459968.2917289003,,,,,,,9.572372270032224,0.0052555785424952
2459968.293922118,,,,,,,9.601698454430188,0.0047039104867504
2459968.2960212384,,,,,,,9.619420573007393,0.0038068860571848
2459968.2981385766,,,,,,,9.647912133385354,0.0039418147966269
2459968.3002680093,,,,,,,9.677778063356396,0.0042509739366002
2459968.302396898,,,,,,,9.707949770392707,0.0033198035697225
2459968.304499456,,,,,,,9.736433231867435,0.0041059601637927
2459968.3066087733,,,,,,,9.773537314494831,0.0046732721079617
2459968.3087242595,,,,,,,9.803284072848244,0.0062314759360867
2459968.3108201735,,,,,,,9.840156083633538,0.0042114283417651
2459968.312965868,,,,,,,9.887829021161528,0.0072262490205265
2459968.3150874767,,,,,,,9.922519550799374,0.0043062780673974
2459968.3187527084,,,,,,,9.970254301143427,0.0045334091620955
2459968.3208585302,,,,,,,10.004391855358454,0.0037367481281932
2459968.322949711,,,,,,,10.030163741521296,0.0044824427433485
2459968.325057963,,,,,,,10.04991876414734,0.0050020453530444
2459968.327174398,,,,,,,10.064332664625024,0.0051498474886286
2459968.329271412,,,,,,,10.073030340713249,0.0058244425939991
2459968.3313754513,,,,,,,10.066956605753614,0.0046638410099619
2459968.3334931135,,,,,,,10.056525879787795,0.0069209712541284
2459968.3355940627,,,,,,,10.054303543044924,0.0033076551038137
2459968.3376942016,,,,,,,10.046381607290552,0.0041823150830358
2459968.3397874422,,,,,,,10.038027989091791,0.0049686167770514
2459968.3418908333,,,,,,,10.022150009340864,0.0052170374254553
2459968.34400103,,,,,,,10.021213169122731,0.0033551859694778
2459968.3461037963,,,,,,,10.017265703262415,0.0027363193778625
2459968.3482094095,,,,,,,10.024441581243014,0.003130536058285
2459968.350295567,,,,,,,10.02976302935914,0.0046675472648118
2459968.352415266,,,,,,,10.04073163684392,0.0061339117404549
2459968.3545196643,,,,,,,10.045150989904476,0.0030940374773771
2459999.314979641,,,,,,,9.7114858700033,0.0051238397857983
2459999.3165099304,,,,,,,9.71879875377924,0.0068374344640688
2459999.3180663544,,,,,,,9.700868906129037,0.0034586347667851
2459999.3196055093,,,,,,,9.697208579015411,0.0049069373878929
2459999.3211257984,,,,,,,9.688950393983207,0.0038604897742766
2459999.3226549886,,,,,,,9.69218660660148,0.0036121131948528
2459999.3241916783,,,,,,,9.676650674279935,0.0048318721700213
2459999.3257021066,,,,,,,9.671857300578273,0.0070257957090685
2459999.3272157637,,,,,,,9.678066617979042,0.0055429291271614
2459999.328734792,,,,,,,9.64526968409433,0.0051392021417838
2459999.330250683,,,,,,,9.6572086142527,0.0062636128896997
2459999.3317760765,,,,,,,9.658667794131825,0.0062136933426166
2459999.3333346527,,,,,,,9.643007528466802,0.0059310581859713
2459999.3349089003,,,,,,,9.65061755277434,0.0062566556346891
2459999.336439815,,,,,,,9.616436662904793,0.0039722811657281
2459999.33795478,,,,,,,9.631009655076824,0.0039900530135113
2459999.339531111,,,,,,,9.604359810314756,0.0056126682050875
2459999.341095058,,,,,,,9.6084636132996,0.0059244895503385
2459999.342619491,,,,,,,9.604229475177387,0.0061990858481799
2459999.344157361,,,,,,,9.5976998343799,0.0049100892243513
2459999.345712604,,,,,,,9.5894896588491,0.007549960316452
2459999.34725191,,,,,,,9.585988171881354,0.00501424068048
2459999.348758646,,,,,,,9.561990540764578,0.0050111696472703
2459999.3502776157,,,,,,,9.546611839043363,0.0050611385034708
2459999.3517860877,,,,,,,9.545723531729216,0.0083895230840867
2459999.354618449,,,,,,,9.544485442718656,0.0058901017442577
2460259.35928897,,,,,,,10.045098271746134,0.0056939934708841
2460259.360345868,,,,,,,10.062469037629558,0.0038445258816901
2460259.36329,,,,,,,10.06732382144794,0.0047263539428013
2460259.364320602,,,,,,,10.076723967441872,0.0042316471807288
2460259.3657304053,,,,,,,10.067943306538831,0.0050978295599503
2460259.367072442,,,,,,,10.064213513294462,0.0050982447708017
2460259.3680604976,,,,,,,10.064216969617616,0.0078039387322415
2460259.368979653,,,,,,,10.057703469646311,0.0059493709308005
2460259.371749873,,,,,,,10.05955182578574,0.0050145778182951
2460259.344225417,,,,,,,9.85016084911405,0.0060861966113733
2460259.3458968517,,,,,,,9.86762933830544,0.0044371413657374
2460259.34811162,,,,,,,9.909360204582477,0.0048620263121378
2460259.3496177313,,,,,,,9.93395527043518,0.0058773592128076
2460259.350944398,,,,,,,9.9494922037445,0.0049287230373482
2460259.3519797567,,,,,,,9.975924790868827,0.0043194792832068
2460259.35421816,,,,,,,10.001678429144366,0.0052332939764193
2460259.3554406483,,,,,,,10.023716655824613,0.0052307186157122
2460259.356461169,,,,,,,10.024181587602092,0.0059688673066357
2460259.3754930324,,,,,,,10.053738522785004,0.0077634847926121
2460259.376308449,,,,,,,10.037213052020387,0.0049180519933373
2460259.3771256017,,,,,,,10.044959300861072,0.005948648906307
2460259.378788762,,,,,,,10.028047488433687,0.004638606065231
2460259.3796079285,,,,,,,10.03734354239496,0.0058267571322539
2460259.380436447,,,,,,,10.047546777113698,0.0069649611439079
2460259.3812416205,,,,,,,10.042972142657142,0.0057781685861028
2460259.3821314583,,,,,,,10.049146862320288,0.0057965191962653
2460259.3829495255,,,,,,,10.038482345552415,0.0082833073146115
2460259.3837649766,,,,,,,10.03891177396392,0.0072174742173581
2460259.3854922107,,,,,,,10.048649094510324,0.0065033514764854
2460259.3863157406,,,,,,,10.052116407692676,0.0046654132219087
2460259.3871469675,,,,,,,10.04636064303248,0.0067893370818238
2460259.387971979,,,,,,,10.049869254417578,0.0074650018954685
2460259.3887877315,,,,,,,10.044015187882636,0.006228518275805
2460259.3905054284,,,,,,,10.031807350837605,0.0093413805524431
2460259.3913190626,,,,,,,10.064879890749271,0.0070447327778905
2460259.3921377314,,,,,,,10.048098167155558,0.0107150520707241
2460259.3929369096,,,,,,,10.059901991284788,0.0084652596158284
2460259.393743403,,,,,,,10.06754593003958,0.0120787030429482
2460259.3945634607,,,,,,,10.069252243039418,0.008576711835504
2460259.3953782637,,,,,,,10.06802657890242,0.0077935202177823
2460259.396181169,,,,,,,10.07177154070527,0.0067001425601746
2460259.397000197,,,,,,,10.071594246646873,0.005292305728492
2460259.3978115856,,,,,,,10.050062731238643,0.0095257742934555
2460317.3052142016,,,,,,,9.407134372175076,0.0055920499555556
2460317.3064560415,,,,,,,9.40604623845052,0.0046195824532741
2460317.307681863,,,,,,,9.403734237481414,0.0044599878920456
2460317.308908947,,,,,,,9.40696192674195,0.0057202421451445
2460317.310149294,,,,,,,9.418410115235176,0.0050211359156414
2460317.311372037,,,,,,,9.4165608422474,0.0049948975897529
2460317.312590706,,,,,,,9.415549406164253,0.0049023873186018
2460317.313807338,,,,,,,9.41976612052403,0.0057832378564717
2460317.315054734,,,,,,,9.41908391822714,0.0046989695985642
2460317.3239564123,,,,,,,9.44020059939647,0.0051845497786242
2460317.325225197,,,,,,,9.456290595823235,0.0051582988761694
2460317.3264726275,,,,,,,9.449551774286856,0.0056938312793308
2460317.327730035,,,,,,,9.454536994845508,0.0043811521988386
2460317.3289657175,,,,,,,9.464166098786936,0.0051225652830581
2460317.33282772,,,,,,,9.47075856501517,0.0036380942856108
2460317.334116678,,,,,,,9.479081289753893,0.0050612400627785
2460317.335374329,,,,,,,9.492755054373,0.0085640795390055
2460328.3644047687,,,,,,,9.473968470229815,0.0049540029389293
2460328.365630845,,,,,,,9.459206774488353,0.0055001095436888
2460328.3668484837,,,,,,,9.462928158603743,0.0044946645210669
2460328.368065405,,,,,,,9.465194263270474,0.0050113399020447
2460328.3692887733,,,,,,,9.436062787794368,0.0064561592655898
2460328.370520324,,,,,,,9.448457085082191,0.0045708638691918
2460328.3717622105,,,,,,,9.430453277694228,0.0045463570532444
2460328.3729936806,,,,,,,9.436280883606468,0.0057767081499602
2460328.3742239815,,,,,,,9.423175780893237,0.0049570360214448
2460328.375474942,,,,,,,9.41322526599986,0.0056681553677141
2460328.376697477,,,,,,,9.420175009070071,0.0067839959659652
2460328.377886597,,,,,,,9.40660540124978,0.0049285860753543
2460328.3809007406,,,,,,,9.415608606391002,0.0063321267164191
2460328.3820367362,,,,,,,9.401363335854231,0.0047186604894956
2460328.3831757293,,,,,,,9.406781733525442,0.0066009078434983
2460328.3842995716,,,,,,,9.399869947766415,0.0036097201059285
2460328.3854440623,,,,,,,9.393066801831557,0.0044844337521766
2460328.398362963,,,,,,,9.395420566572191,0.0048313335535177
2460328.3994828705,,,,,,,9.39538404437631,0.0042445182258534
2460328.400614236,,,,,,,9.380247382196158,0.0050500986023991
2460328.4017423266,,,,,,,9.396140124313614,0.0053484295893118
2460328.404739514,,,,,,,9.387130318070778,0.0049361364093775
2460328.4076432525,,,,,,,9.391920985107108,0.0055687594736175
2460328.4104923727,,,,,,,9.396021813518956,0.0039546505042229
2460328.413580382,,,,,,,9.397253223906713,0.0071298666189551
2460328.4161460535,,,,,,,9.399626165440909,0.0073613720606258
2460328.419320266,,,,,,,9.411096626645612,0.0056870885446822
2460328.4220096413,,,,,,,9.411563965808554,0.0053815912954213
2460328.4250260186,,,,,,,9.425577762888135,0.0038157592268711
2460328.427632697,,,,,,,9.427872344058382,0.0058221350578801
2460328.4306867938,,,,,,,9.447242654125752,0.0072925683527307
2460328.434009676,,,,,,,9.448672757138857,0.0070486778933318
2460328.436817558,,,,,,,9.448754459898533,0.0046331275005778
2460328.4394188426,,,,,,,9.45851733848981,0.005468758385445
2460328.4427134027,,,,,,,9.470568880311038,0.0057824807854931
2460328.4472287963,,,,,,,9.499489303912974,0.006700619845978
2460328.4501124653,,,,,,,9.508392807644553,0.0052100439440277
2460328.4529327895,,,,,,,9.532610236055028,0.0040981008001196
2460328.4559185067,,,,,,,9.55210997091773,0.0068443457950057
2460328.458597523,,,,,,,9.563602005984311,0.0061454028734108
2460328.461183206,,,,,,,9.585171761284602,0.0047060058108988
2460328.4639862617,,,,,,,9.615723793774135,0.006109870106599
2460328.467081215,,,,,,,9.643584932241945,0.0042955565757387
2460328.469410324,,,,,,,9.69235980632534,0.0055909154832138
2460328.472276794,,,,,,,9.73253891619432,0.0069259540709198
2460328.4754732638,,,,,,,9.77708157444151,0.0048265302510196
2460328.4781689583,,,,,,,9.817729434005267,0.0058787568930758
2460328.481115058,,,,,,,9.876097383571189,0.006440451052171
2460328.483962789,,,,,,,9.9173383390897,0.0040270284274531
2460328.4870075346,,,,,,,9.96713780641032,0.0053821026205961
2460328.4900857178,,,,,,,10.00411375642815,0.0040658503500074
2460328.4929748727,,,,,,,10.014692458045074,0.0061869024086144
2460328.496583287,,,,,,,10.024077450027146,0.0044086863443047
2460328.5008093053,,,,,,,10.015895222020465,0.0067992816394402
