transit_id,g_transit_time,g_transit_flux,g_transit_flux_error,g_transit_flux_over_error,g_transit_mag,bp_obs_time,bp_flux,bp_flux_error,bp_flux_over_error,bp_mag,rp_obs_time,rp_flux,rp_flux_error,rp_flux_over_error,rp_mag,variability_flag_g_reject,variability_flag_bp_reject,variability_flag_rp_reject,g_other_flags,bp_other_flags,rp_other_flags,rejected_by_photometry
18448790883177909,1730.4822395734982,13764700.011140127,33935.99698965527,405.6076354980469,7.8404499900871265,1730.48255401938,7919439.0175864035,14622.897675860946,541.5779418945312,8.091806168451058,1730.482636925217,8617537.088242969,5196.5888617598475,1658.3065185546875,7.409437598142198,True,False,False,13311,0,0,False
18458531700438510,1730.6583905476948,25315121.474147044,62291.07623552377,406.40045166015625,7.178916827850628,1730.6587042076314,16426026.44509961,19952.92687297123,823.2389526367188,7.299710921585586,1730.6587933438316,13194099.599379662,13478.61891186367,978.8910522460938,6.946946105776853,True,False,False,13311,0,0,False
20437766111532445,1766.4502926074026,19895097.05056246,23648.69806685046,841.276611328125,7.440501711991065,1766.4506070463744,12115582.06724668,18615.672159746402,650.8270263671875,7.630181506485098,1766.4506921006418,11298183.300659059,10797.726090172144,1046.348388671875,7.115373960129308,False,False,False,8193,0,0,False
22151163001611228,1797.4348895409883,12273562.285356974,13587.230793844077,903.3159790039062,7.964940289834857,1797.4352038075444,7022339.736409322,11374.863367415555,617.35595703125,8.22233762446417,1797.4352899427574,7691805.925827077,8665.746812096326,887.6102905273438,7.532824706416147,False,False,False,8193,0,0,False
22160903805105156,1797.6110403997807,19961187.616417404,25523.865947082217,782.0597534179688,7.436900925489699,1797.611354022973,12366521.000250958,13682.791023499316,903.8010864257812,7.60792336747269,1797.6114432676393,11334733.022311151,21245.974703979744,533.500244140625,7.111867263068994,False,False,False,12289,0,0,False
23708908842013383,1825.6050959369907,14075685.526442552,21711.910864247377,648.2932739257812,7.816192978477822,1825.6054097896829,7976240.540251032,10441.440868475074,763.9022827148438,8.084046609393859,1825.6054980660522,8863124.339029372,9723.400202039811,911.5252075195312,7.378928396207169,False,False,False,12289,0,0,False
23713001123136139,1825.6790731307926,13761884.706922935,24703.173030302107,557.0897827148438,7.8406720792244435,1825.6794152318578,7876793.397498916,11816.577575274767,666.58837890625,8.097668579813277,1825.6795029181815,8672804.484088315,8694.455313474105,997.5098266601562,7.4024966112651605,False,False,False,4206593,0,0,False
25947444454765855,1866.0876634025437,21820504.24390345,40970.36319180141,532.5924072265625,7.340204911161887,1866.0879775515266,13997373.1756617,14078.354045273176,994.2478637695312,7.47342586273653,1866.0880643460437,11846882.873088248,10597.143345250164,1117.9317626953125,7.063885264339881,False,False,False,12289,0,0,False
25951536737083890,1866.1616710486483,21373607.738220625,22665.44910086779,943.0039672851562,7.3626722803446505,1866.1619847624597,13323767.020836841,15514.550338817191,858.7916870117188,7.526974640748392,1866.162073684046,11870114.214638306,10074.593350158022,1178.22265625,7.061758256727611,False,False,False,8193,0,0,False
27454172738249285,1893.336635254737,24160204.85916675,28507.149361606404,847.5138549804688,7.2296153359712925,1893.3369489959005,15768317.178119443,16083.521252796858,980.4020385742188,7.344078847924401,1893.3370378545003,14773699.592428189,12667.494361787467,1166.2685546875,6.824172341516331,False,False,False,12289,0,0,False
27458265009934979,1893.4106440921364,19651956.7147046,24285.33815544688,809.2107543945312,7.453852369832784,1893.4109579562041,12031643.119542385,16353.509279360327,735.722412109375,7.637729862115048,1893.4110462709496,11293985.058815286,10449.877266337608,1080.77685546875,7.115777479007711,False,False,False,8193,0,0,False
29351305343836393,1927.6465950990037,14150604.856992343,14767.552273598916,958.2227783203125,7.810429357433101,1927.646909336827,8059577.376421889,15475.717269679993,520.7886352539062,8.072761543015513,1927.6469957753552,8780079.047693878,9624.537135074255,912.2598876953125,7.389149436382912,False,False,False,8193,0,0,False
31295060756148293,1962.7999552257393,13911137.804637747,52415.88054257775,265.3992919921875,7.828960235090037,1962.8002693112326,7888555.931471516,10714.973551782634,736.2179565429688,8.096048443006033,1962.8003565172467,8740322.797678005,9619.35829369892,908.6181030273438,7.394076820409143,False,False,False,12289,0,0,False
31299153049200115,1962.873965363807,14000400.231780944,17532.514212468923,798.5392456054688,7.822015739294017,1962.8742796952356,8055000.332276233,16285.106587210452,494.6237487792969,8.073378309121729,1962.8743633953582,8537596.676080244,5392.16643234126,1583.333251953125,7.419556414950293,False,False,False,8193,0,0,False
32594334578660802,1986.297566738273,22619215.30436792,38042.188956658676,594.5823974609375,7.301173030800182,1986.29785956084,14484881.504775036,12081.319463014243,1198.9486083984375,7.4362548489005,1986.2979476459795,12318703.785741705,10243.096891638232,1202.6346435546875,7.021482970284072,True,False,False,12295,0,0,False
34886453176439000,2027.750188178944,18784173.03097087,20948.805098704142,896.67041015625,7.502886666799242,2027.750502526007,11318269.32674661,11634.845944425442,972.7906494140625,7.704092155580714,2027.7505881398504,10969702.634417187,10062.762413288128,1090.1282958984375,7.147408363845507,False,False,False,8193,0,0,False
38108976619250398,2086.027036057199,25229469.791244432,32558.633221142416,774.8933715820312,7.182596557760892,2086.027349821873,16381232.871104905,13798.91347026725,1187.1392822265625,7.302675755360877,2086.0274386576943,13208501.169716185,10531.072376041626,1254.2408447265625,6.945761653683881,False,False,False,12289,0,0,False
39376495613980907,2108.9485867697636,14722165.342047384,15100.852770387075,974.9227905273438,7.767437639785868,2108.9489007886004,8363618.930915901,10234.604054448071,817.1903076171875,8.03255662338249,2108.9489879663984,9400465.058370434,9249.216808550027,1016.3525390625,7.315022152451139,False,False,False,8193,0,0,False
41269004164014230,2143.172113764569,12231234.653297316,14666.214592468597,833.9735107421875,7.968691121838074,2143.1724279151986,7018550.9700597655,10191.67054547802,688.6555786132812,8.222923570325143,2143.172514353714,7670817.378573746,8559.729766378894,896.1517944335938,7.535791392426063,False,False,False,8193,0,0,False
41273096467813847,2143.246117783386,23690750.92066083,30525.662977062522,776.0928955078125,7.25091980035517,2143.2464322708465,15415145.206705295,18296.474845377717,842.5199584960938,7.368673165737004,2143.2465173011706,12469997.621133393,11483.929833743498,1085.864990234375,7.008229574581122,False,False,False,4097,0,0,False
43120548173600668,2176.6550928533225,17840696.059285667,53662.39548025696,332.4617919921875,7.558837380855309,2176.6553856385663,10898841.223916251,13277.075630641119,820.8766479492188,7.74509140140713,2176.6554735709874,10352297.151840208,10354.496283456008,999.78759765625,7.210303677475917,False,False,False,12293,0,0,False
44617532407981636,2203.726702985584,13641059.946061214,9799.26490747007,1392.04931640625,7.850246573431733,2203.7270173512984,7806041.62919494,10045.639648055932,777.0576782226562,8.107465058246873,2203.7271032054728,8586947.32007454,8916.93115704625,962.9935913085938,7.41329850475304,False,False,False,8193,0,0,False
46851975462266595,2244.1356607943285,23668060.06731296,50200.25604842268,471.472900390625,7.251960210043162,2244.1359750626957,15250945.818229105,17590.613103139447,866.993408203125,7.380300270377262,2244.136060906896,12587949.228918187,11238.201284171528,1120.103515625,6.998008044651844,False,False,False,12289,0,0,False
46856067754676857,2244.209669336722,21121386.770498652,26178.66526874653,806.8167724609375,7.375560793693378,2244.209983234305,13184544.357143454,11920.384899089728,1106.0501708984375,7.538379401633765,2244.2100715740175,11806621.347854702,10092.476827066432,1169.84375,7.067581413325939,False,False,False,12289,0,0,False
48441484316775031,2272.8819559183835,13862745.669896238,18392.719402794228,753.7083129882812,7.832743728020088,2272.882270258064,7932564.107365842,13445.529611601574,589.977783203125,8.090008239405957,2272.88235570275,8595912.322713519,9662.61671605088,889.6050415039062,7.4121655584302,False,False,False,8193,0,0,False
50210210028348980,2304.8697899275016,20357996.16826248,15760.603760646854,1291.7015380859375,7.415529296338555,2304.8701036858683,12641533.328222355,13359.577333963323,946.2525024414062,7.5840428308526455,2304.8701923091767,12727532.985826198,10695.604253822521,1189.9779052734375,6.986034922985354,False,False,False,8193,0,0,False
53429485576009096,2363.090983006476,12302368.933906717,17589.03311983359,699.43408203125,7.962394999866955,2363.091297124452,6963665.273138885,10611.305977815886,656.2495727539062,8.231447497192278,2363.0913838871707,7677791.120639575,8717.769428232166,880.7059326171875,7.534804769467382,False,False,False,8193,0,0,False
53433577870914558,2363.1649920420577,24974116.59995218,53076.96433307792,470.5264587402344,7.193641529470337,2363.1653057133212,16364407.380734151,15258.794162269623,1072.4573974609375,7.303791509734619,2363.1653949991796,13070015.155037541,11067.756231080994,1180.9091796875,6.9572052732619305,False,False,False,4097,0,0,False
55749107040797527,2405.040653797016,12520006.388511052,13453.908077365151,930.5850830078125,7.943355490857098,2405.0409958683977,7287821.124156074,10713.426878041078,680.2511596679688,8.182047954398168,2405.041083484282,7822250.151303244,8355.817865968254,936.1441650390625,7.514566250306153,False,False,False,4202497,0,0,False
55753199324411463,2405.114688594917,25384447.00185932,70152.70744872755,361.8455810546875,7.175947600122477,2405.115002821003,16435275.780704165,13768.946963889535,1193.64794921875,7.299099726159916,2405.1150894632265,13190318.864413599,10806.488672366637,1220.592529296875,6.947257265249025,False,False,False,12289,0,0,False
56730733887645461,2422.792742771722,18959881.744236484,31635.635701292813,599.3203735351562,7.4927778064367665,2422.793056527188,11470532.973927176,12818.379731472593,894.8504638671875,7.689583221554749,2422.7931450843985,11071136.847919367,10244.668731721611,1080.6729736328125,7.137414953603738,False,False,False,4097,0,0,False
60308311862956694,2487.4892377461747,15968085.805155102,21822.665080221712,731.72021484375,7.679234722934247,2487.4895515498874,9242382.17159125,9564.704644697133,966.3008422851562,7.924082409327518,2487.4896398649794,9880679.201737663,9229.133007337212,1070.5966796875,7.26092850319057,False,False,False,12289,0,0,False
62104354446145296,2519.9683254491474,13683609.086359471,18441.233399926692,742.0115966796875,7.846865220165373,2519.968639086606,7767457.391204336,9447.32733498534,822.1856689453125,8.112845016826583,2519.968728130159,8637783.269034928,10239.36775141067,843.5856323242188,7.406889743784664,False,False,False,8193,0,0,False
62108446717170516,2520.0423290327435,12986034.814621171,58063.096061921184,223.6538543701172,7.903675459929513,2520.0426429953573,7451154.191841008,8547.423453794887,871.7427368164062,8.157983339187517,2520.042731240111,8143654.055455092,8290.090220088718,982.3359985351562,7.470847210050017,False,False,False,12289,0,0,False
64094084481971559,2555.950437479435,20225712.618256263,23796.698958136873,849.937744140625,7.422607286619936,2555.9507510933104,12538843.131036242,11362.573566063378,1103.5213623046875,7.592898543018428,2555.9508402574434,11503994.908326456,10773.803773188143,1067.774658203125,7.095773799104865,False,False,False,12289,0,0,False
65531784952969126,2581.9501474109306,24941921.388330452,195703.90079627896,127.44723510742188,7.195042101836801,,,,,,,,,,,False,True,True,7353217,8389632,16779264,False
65535877207745867,2582.0242380598665,20570730.301071785,22920.011883722258,897.5008544921875,7.404242591380328,2582.0245518644283,12681137.01260873,11115.868104652729,1140.81396484375,7.580646728588572,2582.0246405431067,11590733.704003671,9654.230627217745,1200.5859375,7.087618180979316,False,False,False,12289,0,0,False
67745851628475619,2621.991099166564,13676590.499445893,11554.618103172286,1183.6470947265625,7.847422258067201,2621.991391933198,7762758.194415147,8568.941533311523,905.91796875,8.113502069938935,2621.991480080285,8599368.330832614,8613.14941310233,998.4000244140625,7.411729123193698,False,False,False,8197,0,0,False
69408338472788802,2652.0573841363193,13940880.574097252,22150.137193008315,629.3812255859375,7.826641350083701,2652.057697923949,7911645.81153192,8698.305080838452,909.561767578125,8.092875124462513,2652.057786741259,8832168.655803468,9273.420334766088,952.4176025390625,7.382727117179645,False,False,False,12289,0,0,False
71052777847698284,2681.797528509741,19131143.027040284,12695.185794856763,1506.96044921875,7.483014570645672,2681.7978426899667,11559281.090091687,10737.27899300815,1076.555908203125,7.681215154010676,2681.797929643006,11117364.053431865,9786.155874166521,1136.02978515625,7.132890932489346,False,False,False,8193,0,0,False
