main_id,ra,dec,phot_g_mean_mag,phot_bp_mean_mag,phot_rp_mean_mag,best_classification,period
2054159819759156992,303.1734021381525,32.21175716696876,11.221099,11.537067,10.646635,RRc,0.37118153560485395
2254366868398077312,287.4276346772123,64.85894275762925,10.297423,10.579582,9.898811,RRab,0.4764937351253997
2052128918706818944,294.96256956833133,38.352162306691675,10.8595495,11.006538,10.557991,RRc,0.29724100151778027
1956531880222667904,332.5323462392088,40.9195797407889,10.19933,10.466934,9.772507,RRc,0.25369533390091437
3846786226007324160,148.36825020205413,2.0572132624004045,10.031117,10.197908,9.725817,RRc,0.32468140885434005
1167409941124817664,228.5036582022056,9.980884656997535,11.085834,11.224652,10.783356,RRc,0.3408057250369827
1944108945011315200,358.8369991175294,51.450830749228764,11.555809,11.731066,11.241743,RRc,0.25664270462504796
3797319369672686592,173.47694370623447,-0.033455445707471464,11.085033,11.240917,10.642088,RRab,0.6263375722746239
3406613410300235904,74.20019259407874,18.30438604200066,11.540215,11.881378,10.995632,RRc,0.2368638108123938
4454183799545435008,238.91819856710862,7.988740498023956,11.459988,11.64029,11.016839,RRab,0.7465868783532106
4606912286835400704,272.3402779553232,36.75454830586149,11.886106,11.993254,11.63766,RRc,0.270260168590584
1842509530824560128,312.4410731907855,24.21250029582219,11.621008,11.810314,11.243786,RRc,0.33603523600418667
5759634298798649472,137.2503154879466,-4.173519843580899,10.885865,11.026864,10.621471,RRc,0.3032582054826093
5762119706177715840,131.9453364468497,-3.6501312345587227,10.728994,10.945089,10.382029,RRd,0.9846764360240152
2093443102473433728,281.92158152806485,35.990704766666425,11.74974,11.964021,11.268914,RRab,0.5252660464447226
1234729400256865664,221.89682755986456,16.845262636003405,10.61196,10.761253,10.299786,RRc,0.31489052015984603
1247621002294070784,205.1907126243993,17.81982808253239,11.158917,11.3794365,10.741601,RRab,0.807891942277632
1254547100915110144,216.10676413706378,23.053927978356874,9.977716,10.2457,9.538533,RRab,0.6986340258887485
4000636867992972544,177.90447690098202,21.878083893939372,11.691726,11.8969755,11.30472,RRab,0.5471796325959265
4022618712476736896,172.45168404781427,30.06709016697379,9.799874,10.049275,9.417738,RRab,0.5576689928598967
4221926433630729600,300.1676674167872,-3.538592571483328,11.465076,11.902868,10.826728,RRc,0.3135457816023621
234108363683247616,64.32162470113738,47.40013428064863,10.364657,10.786019,9.765726,RRab,0.4255516493347717
4229920123678447232,308.1316215111318,0.5851685545368216,10.93093,11.134269,10.510477,RRab,0.5780281885506628
476292459874275840,62.41815715976355,62.453134054029725,11.167018,11.640533,10.451909,RRab,0.5720236919712212
1763546217786291840,313.9319564551502,15.99782796186747,11.654191,11.81807,11.345417,RRc,0.3331990455354755
1191510003353849472,238.3793895897626,12.961102171852746,11.03285,11.229733,10.569268,RRab,0.52206597378109
1193137104465445888,239.41337930950905,16.000215078963343,11.609994,11.759099,11.298088,RRc,0.392640250802228
1199539152654966272,240.51578046318485,17.480695954481714,10.8938265,11.000836,10.643771,RRc,0.2308068536262672
4596935593202765184,268.6300211117485,30.410455747424773,11.392736,11.572317,10.94503,RRab,0.3996087130764891
3322506337055869568,91.59621037777616,8.063564682362726,11.142057,11.483981,10.615145,RRab,0.33215467935931786
2131968508140833920,285.2448560115851,48.74502101757376,11.711011,11.943745,11.300306,RRab,0.6132265815440289
3111925220109675136,109.3298613269804,1.7277926287510361,11.617953,11.84423,11.122694,RRab,0.47632094364211885
1760981190300823808,311.8682087393055,12.464109957049851,9.91366,10.2110615,9.484178,RRab,0.47261686326070906
289662047665943552,20.218168637099264,21.728673892629047,10.923201,11.097835,10.609579,RRc,0.2877866944737817
294072906063827072,18.60894956104664,24.415476194122157,10.129585,10.3131695,9.779341,RRab,0.39031598074070617
4440428565486282624,247.39198892639124,8.6336138611097,11.846054,11.965602,11.590791,RRc,0.26697951990557733
975895390891334656,113.38223792903034,47.802758721120604,11.403747,11.58076,11.025668,RRc,0.24065163799650832
2725690802725474560,330.4027312627884,9.982649884473211,11.57315,11.695272,11.308499,RRc,0.293072570690061
524535426630702464,12.971012163090055,65.1805549576267,10.103055,10.523391,9.519914,RRab,0.4233225069579708
1765177102768378368,314.89032017539796,18.211603263236814,10.897708,11.13251,10.505171,RRab,0.7631028470889096
3960906320265637888,188.1900144626333,27.02920717442483,11.728799,11.894317,11.319093,RRab,0.5865840391483544
3962473193054146944,190.01306746870546,27.498866189976557,11.79175,11.91373,11.489722,RRc,0.29273718123957
3972712536822542336,174.50847002473122,16.54332660943659,11.561305,11.69794,11.260345,RRc,0.3627402640674439
4352084489819078784,246.1717186065568,-6.54161624279352,10.899414,11.298892,10.337493,RRab,0.39703164059550317
3940418398550912512,199.4638238681458,20.780614754499688,11.41955,11.626399,10.988153,RRab,0.5989338330520482
3946316423735761536,184.56671917304237,16.15428652690629,10.392488,10.580895,10.068091,RRc,0.4485856176988341
695655337537044864,139.7751384939026,29.065319514993156,11.791888,11.977578,11.4176445,RRab,0.5471978717077076
1489614955993536000,221.2747733127139,41.028692643015084,11.294648,11.453763,10.859578,RRab,0.5322676364431206
1492230556717187456,214.15239767403446,42.359770233173734,11.006255,11.116195,10.724413,RRc,0.3125589785657776
2125982599343482624,291.36564029422567,42.783488792618705,7.6188045,7.831135,7.257368,RRab,0.5667732268824381
2622261225664677120,336.4132101558941,-7.941210669094626,10.749395,10.917178,10.418674,RRc,0.4052476730890854
417906781834850816,10.506216209993912,54.2513719472959,10.980713,11.126574,10.691217,RRc,0.33440379785915036
34113623857898880,44.59148892789382,15.671683364070349,11.65353,11.979081,11.118216,RRab,0.6424108488440919
3915998558830693888,174.63612343971593,10.561430891938802,11.584578,11.790884,11.163701,RRab,0.4779803804691224
1869209182153406976,312.60683260184317,34.10621059502021,11.478094,11.534421,11.035764,RRc,0.32610043352563406
765390904751301376,168.275192231559,40.36064064762014,11.554101,11.695154,11.241634,RRc,0.3180135935501538
766938634870850432,173.9028811302606,38.76591629899046,11.634502,11.731081,11.373919,RRc,0.2679543526573898
2110264427784391168,278.31341475204795,40.17303661591981,11.059039,11.255234,10.651963,RRab,0.4409135597106161
1093345639583902592,126.10259414996979,65.71737874982055,11.063573,11.296601,10.604873,RRab,0.5990092390634152
4228943688634018816,306.9072783312655,-1.666546738858756,11.685276,11.943369,11.181013,RRab,0.7248250220114352
4417888542753226112,232.75756436521334,1.6837805267319799,9.981442,10.249018,9.58176,RRab,0.7141111719974252
905055201038874624,125.92082289693734,37.46954778992999,11.348952,11.509313,11.0304785,RRab,0.4948277619678433
1317846466364172800,244.85759573402186,29.713113503708996,11.387015,11.528846,11.087021,RRc,0.3316838216337179
3642187380028718464,218.34183583323417,-4.303223646714378,10.638122,10.813279,10.318605,RRc,0.24963050638854628
6338829089843936256,225.22103912290143,-4.455456532269539,8.9068985,9.193132,8.432531,RRab,0.5844122606419658
1853751148171392256,320.2980998347744,32.19129449755633,11.547016,11.750815,11.059776,RRab,0.4198623093455614
2720896455287475584,333.8569363715973,6.8226195643918075,9.517183,9.6918335,9.186373,RRc,0.2555142549263535
729403339418654080,156.35674711652527,28.785302295895136,11.761303,11.913469,11.354865,RRab,0.5438957661500896
3698725337376560512,182.14594420682138,-0.4567634553290866,10.639724,10.877479,10.249586,RRab,0.47559701682552497
886793515494085248,110.38971249641342,30.883188912770258,11.387569,11.548489,10.942754,RRab,0.3972827270749738
2688734709383609344,317.55350725749497,-1.7212206570565616,11.830613,11.963856,11.384086,RRab,0.46340368579414953
2689556491246048896,318.8241947328094,0.0761035663579507,11.230009,11.408821,10.7921505,RRab,0.4593049909572668
1858568795812429056,314.11790328941987,30.42782823386093,11.017679,11.246389,10.566738,RRab,0.5607068376796509
2090986690417092224,280.9079205089054,32.79842939851597,11.67092,11.868423,11.207556,RRab,0.5112409150191694
1111846056593351168,111.86632016706949,72.70335041087235,9.39608,9.623374,8.99246,RRab,0.6283992659441406
1561928427003019520,203.32514328972982,53.987198157541364,10.85834,11.065078,10.482134,RRab,0.46805905525592434
1565435491138161664,201.555538125663,56.256964413584946,10.845738,10.951508,10.585953,RRc,0.3071316601313502
2558296724402139392,23.034104334078958,1.3415337061987371,9.704457,9.935153,9.315176,RRab,0.5530273076717404
2142052889490819328,293.1227874344177,56.38808516047676,9.9137535,10.13738,9.498593,RRab,0.46660269837939694
2211629018927324288,339.80587284527695,64.85935050030417,9.29427,9.541605,8.802095,RRc,0.3087043245277305
6322601191571653504,230.52012174131534,-6.471200161398193,10.9994,11.260267,10.536629,RRab,0.7788943328276304
4299563705588494848,301.6525967779066,9.49782193510929,11.766897,11.976237,11.377335,RRc,0.32965687757277234
2254942462734092288,289.5859605514766,66.41345137414254,11.267605,11.521597,10.834677,RRab,0.592075294899982
1428577526482052096,244.12806751431575,54.38951269176222,11.461228,11.577843,11.22875,RRc,0.3061400636163747
1431291700999242112,248.8816305324219,57.8397263171271,11.690732,11.831139,11.311432,RRab,0.44290661863852154
3631453505137203968,201.19997322863577,-6.979410470906253,11.587174,11.709343,11.303931,RRc,0.3432291051132582
3631923889955509632,202.34336098692228,-5.883137990908332,11.700241,11.867988,11.313661,RRab,0.5763177560715865
2642479663953557888,358.5338780066777,0.9635484037432215,10.509451,10.673768,10.204584,RRc,0.30625757800130277
4539434124372063744,280.3164322529899,28.722525910687015,11.296664,11.609428,10.792535,RRab,0.4113825525785479
1058066262817534336,174.48532961608134,67.32939275491853,9.784324,10.0051365,9.382648,RRab,0.6604172387792158
1063808840251264128,146.73600089516324,63.69545921720063,10.932412,11.09493,10.629117,RRc,0.2984990800263756
2298500509220140288,308.14038942779644,82.25601090967214,11.613245,11.859788,11.159846,RRc,0.32827517021042213
1925406252226143104,355.6284047082072,43.014123044640996,10.550851,10.865552,10.059558,RRab,0.616902905790055
1398766021041835648,240.1339043648835,46.92389641937951,11.424224,11.573574,11.001306,RRab,0.4699979494860739
1031239725288354176,131.30092012335814,56.607406347791624,11.033956,11.287445,10.5706215,RRab,0.5428357072122969
1036978866747819264,132.81123899140977,56.35528814097742,11.298995,11.463405,10.947261,RRc,0.3452602307862074
603291108060958848,128.22973392229116,13.191092085641706,11.297774,11.515824,10.820442,RRab,0.5634503304881865
363101693459636608,14.013985483766772,35.5659734267538,11.489735,11.666627,11.12393,RRc,0.42873492127922713
4410058473777585024,240.9243006714196,0.5991270878097505,11.4899435,11.71142,10.95964,RRab,0.487567521540895
926760213407334656,116.57435126952744,44.40494475818129,11.263041,11.408413,10.9311,RRc,0.3396404250538013
538832101445230720,13.650056294841049,74.5281840731972,10.294825,10.668254,9.7473955,RRab,0.6495958264675622
1338388092349825280,258.2665802198266,35.978536706914504,11.649742,11.879313,11.262378,RRab,0.4403407894976544
1342550327976368896,264.6557917915091,37.89897487832862,10.444302,10.584459,10.1897955,RRc,0.272666806876849
2852346261548304896,355.56802260949337,24.916089983070954,11.832175,11.942545,11.55899,RRc,0.3064886402474648
2857456211775108480,5.9295062674226635,29.40092334447239,9.705101,9.967881,9.315174,RRab,0.4422632279519936
4465697399976758528,246.46256103313186,15.74611891080782,11.737296,11.947707,11.305941,RRab,0.44240005198272375
4467433017738606080,247.6697715677847,18.366914563547137,10.834998,11.063563,10.405408,RRab,0.4553577887127162
666167814367063296,130.1616589243091,23.26389800051391,11.6852045,11.817392,11.399088,RRc,0.29577739706872114
668027908865948032,115.81509779815497,17.090847661260003,11.697312,11.84567,11.444207,RRc,0.2715286809833625
670266862434827776,118.43102076628455,19.273189248459833,11.795735,11.943896,11.371305,RRab,0.5011329570108634
2269585754295172608,273.5791191948796,76.685797344704,11.491016,11.769548,11.031784,RRab,0.7195804671600183
1374971558625266432,232.66336598431212,35.7844805967207,11.073679,11.285321,10.661446,RRab,0.6223132451249176
1384578163514741760,238.74396924348167,42.76947164490288,11.133357,11.249992,10.87126,RRc,0.3171800179350679
1385661079389302400,245.01693759682422,45.2167093534883,9.15353,9.32358,8.842071,RRc,0.49182216569514464
1677592858356166528,199.79507492232327,63.591599708124114,10.805418,11.032764,10.387651,RRab,0.8072640950958395
1683444631038133248,184.44394378045797,69.51058815782476,10.488967,10.77413,10.109305,RRab,0.5696724495477525
1686384274158206208,195.8793674506837,71.11217698308027,10.282076,10.451302,9.933439,RRc,0.33297980965982327
837077516695165824,161.4824263611533,52.247290063578156,11.251728,11.366275,10.966215,RRc,0.3493591635983703
609425214712107776,129.9467823009681,14.290054352081894,11.703223,11.85726,11.415042,RRc,0.2609288298729956
3820770647022977920,146.41975827746546,-6.733460884206648,10.758087,10.915061,10.4594145,RRc,0.3502316229093082
1546016672688675200,182.81067834805881,47.82875800196694,10.817328,11.056364,10.396243,RRab,0.5995815635250875
1133454140138001664,174.0459344565476,81.29328425643389,9.486984,9.727502,9.083161,RRab,0.6214454925771339
1134921885080388992,119.7453161668388,72.78753315108315,11.487339,11.603353,11.255905,RRc,0.26704249733062263
114797397716085120,41.6782394441103,26.72434338536452,11.424756,11.719393,10.926316,RRab,0.7693119899262529
115744253324806528,45.814750410226765,27.278027070255433,11.535808,11.739516,11.064949,RRc,0.3282890552315725
2000976545403561984,334.8780402772053,51.47077684201528,11.628986,11.898527,11.158026,RRab,0.4321263619226688
1286188056265485952,218.38841468857987,31.75461245140624,10.515594,10.749676,10.141544,RRab,0.3773435406505344
3772752878294096384,153.38239265346212,-7.038163512425365,10.950912,11.114087,10.637299,RRc,0.31360733232300153
3114440838290852864,107.70347983858667,1.2822129572471257,11.710704,11.920951,11.3478,RRc,0.37857515511900447
856816808430505856,164.53103599754138,56.11906579931455,11.294126,11.508359,10.875642,RRab,0.627306721280143
1450026386999707264,202.42550470808914,28.88017691367649,11.751857,11.915217,11.426365,RRc,0.4250052401238958
1453674738379109760,209.39182465398366,29.857924886879957,11.347547,11.4893465,11.029344,RRc,0.32903015002408625
1458363365199561088,206.2622880768263,32.654641736329964,11.619468,11.783472,11.2028,RRab,0.5674234935419348
1009665142487836032,135.781920123629,44.585400063429624,9.853911,10.12058,9.420722,RRab,0.5974431312604158
1483653713185923072,211.6164824611361,37.828106481864815,10.551136,10.804464,10.147925,RRab,0.5517562839113127
2828497068363486720,343.25420796443825,15.787664627676227,10.395215,10.695779,9.94578,RRab,0.6409719846467077
1617474895444390400,222.93601859178972,60.06902781106285,11.652442,11.833932,11.228501,RRab,0.5886645546923096
2022835523801236864,291.9833743994188,24.34719332733941,10.807519,11.346142,10.111576,RRab,0.5941340326661948
1738795523849120768,319.66365656711616,6.204320387225291,11.219834,11.363482,10.881831,RRc,0.2914443968793166
3677686044939929728,193.79365579908344,-5.459078083014313,11.424825,11.625693,11.005992,RRab,0.5257740089731356
630421935431871232,151.93101079342685,23.991710403537397,10.829473,11.044354,10.4337635,RRab,0.4524054291366671
3720468832650308352,207.91972053533058,6.430925698946876,11.255795,11.385054,10.963778,RRab,0.4711082537786687
3727833391597367424,209.69308079142908,12.951586359270129,10.996892,11.218989,10.577158,RRab,0.6507536834394615
3731723090075245696,200.04819969340105,9.187725579160595,11.764955,11.97401,11.333155,RRab,0.6569048740353376
3155209767375425024,109.89245196891484,8.74033557745246,11.301037,11.355692,11.145649,RRab,0.6039009770899525
4593112037219674368,275.6582107018232,32.95920518119228,11.81008,11.994184,11.338797,RRab,0.5771463596858374
1793460115244988800,328.0117123574372,22.574789071413147,10.531158,10.798606,10.118914,RRab,0.39038253398137956
1797739517580809856,325.3199259268198,24.773448810483416,11.147496,11.425752,10.721772,RRab,0.46714350836473584
